fecha_deteccion,plataforma,autor_o_cuenta,titulo_o_extracto,senal_de_dolor,URL,tema,pais,categoria,estado,proximo_paso,relevancia_1_5,mensaje_sugerido,fuente_id,es_competidor,tipo_actor
2026-06-23,web,,Looking for consortium on HORIZON-HLTH-2026-01-STAYHLTH-02: Behavioural interventions as primary prevention for NCDs among young people | CLUSTER Health Horizon Europe Brokerage Event 2026,"IP/OTRI LATAM con nombre concreto busca partners para la convocatoria Horizon HLTH-2026-01-STAYHLTH-02, creando un consorcio/coordination; condiciones específicas y fecha de publicación reciente (12 enero 2026)",https://www.b2match.com/e/cluster-health-horizon-europe-brokerage-2026/opportunities/UGFydGljaXBhdGlvbk9wcG9ydHVuaXR5OjIwOTUzOA==,busqueda de consorcio Horizon HLTH-2026-01-STAYHLTH-02,EU,INV_AMP,nuevo,contactar,5,"I see INEGI seeks a consortium/coordinator for HORIZON-HLTH-2026-01-STAYHLTH-02, leveraging your biomechanics, smart-wearable sensor and AI expertise to deliver behavioural NCD prevention for young people.
I can introduce a Netherlands-based paediatric public-health team experienced in school-based trials, or share a podcast episode on a wearable-enabled adolescent prevention pilot.
Which age range and implementation setting (schools, community, primary care) are you prioritising?",web_brave_b2match_partners,False,otri
2026-06-23,cordis,DEUTSCHES FORSCHUNGSZENTRUM FUR KUNSTLICHE INTELLIGENZ GMBH,"[COMBO] Compliance Bot: Automated, Multilingual Compliance Assistance Powered by LDS",OUTREACH LATERAL - Coordinador europeo que ganó un Horizon en IA y cumplimiento regulatorio busca socios LATAM para futuras calls y colaboraciones (spin-offs/publicaciones).,https://cordis.europa.eu/project/id/101299049,cordis outreach lateral horizon IA cumplimiento,EU,INV_AMP,nuevo,contactar,5,"I see COMBO aims to scale an agentic, multilingual AI compliance assistant from TRL5-6 to TRL8, covering all 24 EU languages and five use cases (Green Deal, Due Diligence, Healthcare, Transport, Media).  
I can connect you with contacts at the European Language Resource Coordination (ELRC) working on multilingual legal datasets and share a podcast episode I produced on AI-driven compliance in healthcare.  
Which of your five use cases do you consider most mature for cross‑Atlantic collaboration?",cordis_recent_coordinators,False,otro
2026-06-23,cordis,NORGES TEKNISK-NATURVITENSKAPELIGE UNIVERSITET NTNU,[AIMARIA] Accelerating Innovation in Marine AI-powered Bioprospecting,"OUTREACH LATERAL - coordinador europeo en dominio core (bioinformática / IA aplicada a biotech) con proyecto Horizon AIMARIA, buscando socios LATAM para futuras llamadas",https://cordis.europa.eu/project/id/101291450,AIMARIA - búsqueda de socios LATAM para Horizon en bioprospección marina con IA,EU,INV_AMP,nuevo,contactar,5,"AIMARIA’s digital-to-pilot pipeline — AI prioritisation, digital twins and cell-free/engineered chassis targeting TRL 6–7 while embedding life‑cycle assessment and Nagoya compliance — is a clear blue‑bio roadmap.  
I can connect you with LATAM marine microbiome groups that maintain Nagoya‑compliant collections and with a European pilot foundry experienced in scaling to TRL 6–7.  
Which Latin American countries or partner profiles are you prioritising?",cordis_recent_coordinators,False,investigador
2026-06-23,cordis,STIFTELSEN NANSEN SENTER FOR MILJOOG FJERNMALING,[COMEDI] COpernicus Marine services with Enhanced Data assimilation and improved Interoperability,OUTREACH LATERAL - Coordinador europeo del proyecto COMEDI busca socios LATAM para futuras llamadas Horizon en data assimilation marina,https://cordis.europa.eu/project/id/101296319,CORDIS Outreach Lateral - COMEDI marine data assimilation,EU,INV_AMP,nuevo,contactar,5,"Your COMEDI summary highlights modernising Copernicus Marine data assimilation with multiscale, non‑Gaussian and AI methods and opening assimilation to Sentinel‑3 reflectance, next‑gen wide‑swath altimetry and CImr brightness temperatures. I can share a podcast episode and concise notes from LATAM–Europe collaborations on operationalising AI-driven assimilation and ingesting novel satellite observations. Which of those new observation types or algorithmic innovations is most critical—or hardest—for you to bring into sustained operational use?",cordis_recent_coordinators,False,otro
2026-06-23,cordis,ETHNICON METSOVION POLYTECHNION,[PROTEUS] PROTEUS: The Copernicus Agent for Next-Generation Environmental Intelligence,OUTREACH LATERAL - Coordinador europeo de PROTEUS (Copernicus AI para inteligencia ambiental) busca socios LATAM para futuras calls Horizon y colaboraciones en spin-offs/publicaciones,https://cordis.europa.eu/project/id/101296397,OUTREACH LATERAL - Copernicus AI para entorno ambiental (PROTEUS); búsqueda de socios LATAM para futuras llamadas Horizon y publicaciones conjuntas,EU,INV_AMP,nuevo,contactar,5,"Your PROTEUS description, a Copernicus Agent combining multimodal foundation models, hybrid AI–physics simulations, causal reasoning and agentic orchestration to deliver traceable forecasts for climate‑induced migration, agriculture, air and water risks, is compelling.
I can introduce a Brazilian climate‑HPC group experienced with Copernicus workflows and share a podcast episode on a similar EU–LATAM collaboration.
Would you be open to discussing potential LATAM partners for PROTEUS demonstrations?",cordis_recent_coordinators,False,investigador
2026-06-23,web,,HORIZON-CL5-2026-09-D2-01: Lithium-ion battery gigafactory and graphite-producing company sought for a project aimed to develop synthetic graphite and/or alternative carbon-based materials from European bio-based feedstocks for battery components | Enterprise Europe Network,"Consorcio busca dos partners para una call Horizon concreta; publicación reciente (31-05-2026) y roles especificados para usuario final y materiales, con convocatoria activa.",https://een.ec.europa.eu/partnering-opportunities/horizon-cl5-2026-09-d2-01-lithium-ion-battery-gigafactory-and-graphite,busqueda de socios Horizon CL5-2026-09-D2-01 para gigafábrica de baterías y producción de grafito,EU,INV_AMP,nuevo,contactar,4,"I see you’re seeking a lithium‑ion battery gigafactory to act as the final user of biomaterials for HORIZON‑CL5‑2026‑09‑D2‑01.  
I can share a shortlisted European gigafactory contact plus a podcast case and a brief note on matching bio‑based graphite suppliers to industrial production.  
Would you like me to send the contact and the short case note?",web_brave_een_partners_mes,False,otro
2026-06-23,cordis,AGRAREN UNIVERSITET - PLOVDIV,[BIOEASTWIDE] Strengthening of the BIOEAST bioeconomy R&I ecosystem through WIDEning activities and building a partnership for bioeconomy (BIOEASTWIDE),OUTREACH LATERAL - Coordinador europeo de un proyecto de bioeconomía (BIOEASTWIDE) busca socios LATAM para colaborar en futuras iniciativas y desarrollar alianzas de I+D,https://cordis.europa.eu/project/id/101295859,"bioeconomía, redes de I+D y alianzas BIOEAST",EU,INV_AMP,nuevo,contactar,4,"I read BIOEASTWIDE’s plan to map R&I ecosystems and build a BIOEAST partnership linking CEE, Western Balkans, Ukraine and Moldova to tackle policy, socio‑economic and technological barriers.  
I can share a European contact experienced in ERA widening, a LATAM bioeconomy stakeholder map and an episode of my research podcast on a comparable cross‑border partnership.  
Which country or stakeholder group within BIOEASTWIDE would you most value an introduction or case study for?",cordis_recent_coordinators,False,investigador
2026-06-23,cordis,COOPERATIVA DE ARMADORES DE PESCA DEL PUERTO DE VIGO,[Libfish] Low Impact Bottom Fishing,"OUTREACH LATERAL - Coordinador europeo LIBFISH busca partners LATAM para futuras calls Horizon en pesca sostenible, IA y sensores",https://cordis.europa.eu/project/id/101296094,Outreach lateral - LATAM partner search para Horizon en pesca sostenible e IA,EU,INV_AMP,nuevo,contactar,4,"I read LIBFISH’s plan to demo nets kept decimetres above the seabed using electronically piloted trawl doors, autonomous hydrofoils and an AI-driven digital twin at TRL 6–8 across Atlantic/Arctic sites. I can introduce a Latin American fisheries research group experienced in IoT seabed sensors, or a European ML team that deployed predictive-control models, and share a podcast episode with a similar demonstrator. Which would be most useful to you?",cordis_recent_coordinators,False,investigador
2026-06-23,cordis,AIT AUSTRIAN INSTITUTE OF TECHNOLOGY GMBH,"[ALT-PROACT] ALTernative PROteins – Awareness, Co-creation, Transformation","OUTREACH LATERAL - Coordinador europeo con un proyecto Horizon ALT PROACT busca socios LATAM para futuras llamadas, colaboración en spin-offs y publicaciones.",https://cordis.europa.eu/project/id/101286996,CORDIS outreach lateral – coordinador europeo busca partners LATAM para Horizon ALT PROACT,EU,INV_AMP,nuevo,contactar,4,"[NOMBRE], I read ALT PROACT’s plan to co-create multilingual, culturally adapted communication and school curricula for biotech-based alternative proteins, using citizen forums and Young Reporters for the Environment. I can connect you with a LATAM partner experienced in co-developing educator toolkits and community outreach (schools and youth networks), or share a podcast episode documenting a similar EU–LATAM engagement. Would you like an introduction to partners in Brazil/Argentina or the episode link?",cordis_recent_coordinators,False,investigador
2026-06-23,cordis,INSTITUTO TECNOLOGICO DE ARAGON,"[UNCOVER] UNlocking the industrial COVERsion of CO2 into renewable, long-lasting and hybrid products",OUTREACH LATERAL - Coordinador europeo UNCOVER (CCU de CO2) en dominio quimica/materiales; oportunidad de contactar con socios LATAM para futuras calls Horizon,https://cordis.europa.eu/project/id/101269441,busqueda socios Horizon LATAM UNCOVER CO2 CCU,ES,INV_AMP,nuevo,contactar,4,"I read UNCOVER's plan to scale six CO2-conversion technologies plus a secondary route to deliver products like PHB, microbial protein and carbonated cementitious material from biogas, biomass and clinker emissions.  
I can introduce a European pilot operator experienced in PHB scale-up, a LATAM construction-sector contact for carbonated cementitious materials, or share a podcast episode on microbial-protein commercialization.  
Which of the seven CCU product routes are you prioritizing for LATAM partnerships?",cordis_recent_coordinators,False,otro
2026-06-23,cordis,NEUROPUBLIC ANONYMI ETAIREIA PLIROFORIKIS KAI EPIKOINONION,[TIPPING] Dynamic climate-agriculture intelligence for adaptive EU land management and cropping systems,"OUTREACH LATERAL - Coordinador europeo de proyecto Horizon (TIPPING) busca socios LATAM para futuras llamadas y colaboraciones en agroclima, IA y herramientas de soporte a decisión",https://cordis.europa.eu/project/id/101289092,CORDIS outreach lateral - TIPPING climate-agriculture intelligence partner search,EU,INV_AMP,nuevo,contactar,4,"I read TIPPING is building an operational Agricultural Climate Intelligence Stack (ACIS) that combines climate scenarios, socio‑economic models and behavioural simulation and will validate it via five Climate Intelligence Hubs across Europe’s agroclimatic zones.
I can introduce a LATAM research group with operational AI crop‑impact models and multi‑actor co‑design experience, or share a podcast episode describing a closely comparable co‑design pilot.
Would you be interested in an intro or the episode to explore transferability to LATAM testbeds?",cordis_recent_coordinators,False,investigador
2026-06-23,cordis,IMPERIAL COLLEGE OF SCIENCE TECHNOLOGY AND MEDICINE,[AIR2FOOD] From Air to Food: The European Hub for Gas Precision Fermentation,"OUTREACH LATERAL - Coordinador AIR2FOOD busca socios LATAM para futuras llamadas Horizon; objetivo de alianzas, spin-offs y publicaciones.",https://cordis.europa.eu/project/id/101288708,busqueda socios Horizon gas fermentation LATAM,EU,INV_AMP,nuevo,contactar,4,"AIR2FOOD’s page details three TRL6 demonstrators producing β‑lactoglobulin, β‑alanine, casein and β‑palmitate directly from CO2 and renewable energy.
I can share a vetted LATAM pilot partner experienced in gas‑to‑protein fermentation and a podcast episode dissecting a similar EU–LATAM tech‑transfer case.
Would you be interested in contacts and regulatory/pilot adoption materials tailored to Latin America?",cordis_recent_coordinators,False,investigador
2026-06-23,cordis,TECHNISCHE UNIVERSITAT DORTMUND,[RESURRECTION] Robotics and AI-assisted Decision Support for Efficient and Sustainable Remanufacturing and Refurbishment in Electronics towards Circular Transformation,OUTREACH LATERAL - Coordinador europeo de un nuevo proyecto Horizon en IA y robótica para la remanufactura circular busca socios LATAM para futuras llamadas y colaboraciones.,https://cordis.europa.eu/project/id/101294921,cordis outreach lateral - IA/robótica para remanufacturing circular,EU,INV_AMP,nuevo,contactar,4,"Your RESURRECTION work on AI-driven remanufacturing — especially modular robotic disassembly, Digital Product Passports and digital twins for lifecycle traceability — is a clear step toward circular electronics.
I can share a European partner active in Digital Product Passports and robotic skill libraries, or a LATAM podcast episode showcasing practical robotic disassembly deployments.
Which part of the stack (product diagnosis, robotic modules, digital twins or workforce training) would you like to explore first?",cordis_recent_coordinators,False,investigador
2026-06-23,cordis,UNIVERSITA POLITECNICA DELLE MARCHE,[HARMONY] Hazard Assessment of Marine Mixtures and New Pollutant Synergies,"OUTREACH LATERAL - Coordinador europeo asociado a un proyecto Horizon reciente orientado a IA y ambiente busca socios LATAM para futuras llamadas y colaboraciones, sin confirmación de un call específico.",https://cordis.europa.eu/project/id/101287751,OUTREACH LATERAL - LATAM partners para Horizon,EU,INV_AMP,nuevo,contactar,4,"Your project’s development of AI-driven predictive models, biosensors and mixture-based approaches to assess pollutant mixtures, bioaccumulation and climate-stressor interactions across EU–India pilot sites is highly relevant.
I can connect you with LATAM research groups active in mixture toxicity and field validation, and share a podcast episode featuring a comparable EU–LATAM collaboration.
Would you like me to send a short list of potential Latin American partners or the episode link?",cordis_recent_coordinators,False,investigador
2026-06-23,cordis,UNIVERSITY OF WARWICK,[PhytoPRISM] PhytoPRISM: A Platform for supporting a systems approach in Pest RISk Management,OUTREACH LATERAL - Coordinador europeo de PhytoPRISM busca socios LATAM para futuras calls Horizon en agro-alimentario y salud de plantas; proyecto en curso anunciado recientemente (≤6 meses).,https://cordis.europa.eu/project/id/101287943,busqueda de socios Horizon PhytoPRISM Agro-food,EU,INV_AMP,nuevo,contactar,4,"I see PhytoPRISM integrates epidemiological modelling with economic and behavioural insights to give NPPOs real‑time, pest‑generic decision support across six EU quarantine pests.  
I can introduce LATAM NPPO contacts and a regional agri‑data group that piloted a real‑time phytosanitary tool, or share a podcast episode about a comparable digital platform.  
Would you be interested in LATAM partner introductions or the podcast case study?",cordis_recent_coordinators,False,investigador
2026-06-23,cordis,TEKNOLOGIAN TUTKIMUSKESKUS VTT OY,"[PackAhead] Sustainable cellulose-based flexible packaging powered by artificial intelligence, machine learning and digital technologies",OUTREACH LATERAL - Coordinador europeo de PackAhead busca socios LATAM para futuras llamadas Horizon en IA/biotecnología y envases bio-sostenibles.,https://cordis.europa.eu/project/id/101287475,outreach lateral PackAhead: IA en biotecnología y envases sostenibles,EU,INV_AMP,nuevo,contactar,4,"I see PackAhead uses AI to accelerate enzyme design and optimise regenerated cellulose films toward TRL7, targeting compostable, recyclable packaging compliant with the new Packaging and Packaging Waste Regulation.  
I can share a podcast episode interviewing a LATAM pilot that used AI-driven enzyme optimisation to scale bio-based films to pilot production.  
Would you like that episode or an introduction to Latin American pilot partners exploring cellulose-based packaging?",cordis_recent_coordinators,False,investigador
2026-06-23,cordis,VLAAMSE INSTELLING VOOR TECHNOLOGISCH ONDERZOEK N.V.,[VISIONAIR] Virtual Integration for Sustainable and Innovative Observation of Urban Air Quality,"OUTREACH LATERAL - Coordinador europeo de Horizon busca socios LATAM para futuras llamadas y colaboraciones en IA, sensores y monitorización de la calidad del aire urbano (VISIONAIR).",https://cordis.europa.eu/project/id/101288740,"Búsqueda de socios Horizon para VISIONAIR (calidad del aire urbano, IA, sensores)",EU,INV_AMP,nuevo,contactar,4,"Your VISIONAIR work combining calibrated multi‑sensor networks (satellite, in‑situ, drone, citizen data), AI source‑attribution models and Urban Digital Twins for health-impact decision support is exactly the integration we see in operational pilots. I can introduce a European team experienced in drone-enabled sensor calibration and a LATAM municipality piloting low-cost networks and exposure analysis, or share a podcast episode on a comparable Urban Digital Twin deployment. Would an introduction to the partner or the pilot be useful for your replication roadmap?",cordis_recent_coordinators,False,investigador
2026-06-23,cordis,EUROPEAN VACCINE INITIATIVE EV,[PREPAIR-VAC] PREParedness using Artificial Intelligence for Rapid VACcine design,OUTREACH LATERAL - coordinador europeo en dominio biotech/IA con proyecto CORDIS; contacto estratégico para buscar partners LATAM en futuras llamadas Horizon,https://cordis.europa.eu/project/id/101289538,CORDIS outreach lateral - socios LATAM para Horizon (biotech/IA),EU,INV_AMP,nuevo,contactar,4,"Your PREPAIR-VAC aim to couple AI prediction of pathogen evolution with antigen selection, rapid manufacturability and ethical, legal and social stakeholder engagement for H1N1 is clear and actionable.
I can share a vetted European group experienced in AI antigen design, contacts at LATAM influenza surveillance labs, and a podcast episode on a comparable rapid-vaccine case.
Which collaborator would be most useful now: algorithm developers, pilot-scale manufacturers, or regional surveillance networks?",cordis_recent_coordinators,False,investigador
2026-06-23,cordis,VLAAMSE INSTELLING VOOR TECHNOLOGISCH ONDERZOEK N.V.,[PURE-FOOD] POLLUTION UNDERSTANDING AND REDUCTION FOR ENVIRONMENTAL SUSTAINABILITY IN THE FOOD AND DRINK INDUSTRIES,OUTREACH LATERAL - Coordinador europeo ganador de un proyecto Horizon en temática ambiental para la industria alimentaria; potencial interés en colaborar con LATAM en futuras calls.,https://cordis.europa.eu/project/id/101290562,CORDIS OUTREACH LATERAL - coordinador Horizon ambiental en food & drink,EU,INV_AMP,nuevo,contactar,4,"[NOMBRE], I read PURE-FOOD's emphasis on microplastics, PFAS, ARGs, pesticides and pharmaceuticals and the need for harmonised monitoring and real-world demonstration across six case studies.  
I can send an episode from my research podcast featuring a food-sector pilot on PFAS/microplastic monitoring and treatment, plus contacts for a European analytical lab experienced in harmonised protocols.  
Which contaminant pathway or case study are you prioritising for cross-region collaboration?",cordis_recent_coordinators,False,investigador
2026-06-23,cordis,ETHNICON METSOVION POLYTECHNION,[ORBIT] Operationalisation of Robust Bio-based and Industrial PEF Tools for Circular Compliance and Eco-Design,"OUTREACH LATERAL - Coordinador CORDIS europeo busca partners LATAM para futuras convocatorias Horizon en torno a PEF, ecodiseño y economía circular.",https://cordis.europa.eu/project/id/101291795,ORBIT - búsqueda de socios LATAM para Horizon (PEF/eco-diseño),EU,INV_AMP,nuevo,contactar,4,"I saw ORBIT's plan to operationalise PEF with ML-driven adaptive Category Rules, a FAIR data backbone, cloud LCA automation and a Digital Product Passport/Compliance Engine across textiles, plastics, chemicals and ICT.  
I can connect you with LATAM partners (textile clusters, SMEs and OTRIs) and share a podcast episode where a comparable PEF/eco-design pilot reduced product footprints in industry.  
Which LATAM countries and partner types would you prioritise for pilot collaborations?",cordis_recent_coordinators,False,universidad
2026-06-23,cordis,ALMA MATER STUDIORUM - UNIVERSITA DI BOLOGNA,[BLESS] BRIDGING LIFE-CYCLE EVALUATION AND SAFE SOLUTIONS TOWARDS SEAMLESS CRITERIA FOR PROACTIVE DECISION-MAKING,"OUTREACH LATERAL - Coordinador europeo en dominio de materiales/IA busca partners LATAM para futuras llamadas Horizon tras ganar proyecto reciente, para colaboración en LCA/SSbD y desarrollo de soluciones seguras.",https://cordis.europa.eu/project/id/101293508,busqueda socios Horizon en LCA/SSbD (materiales),EU,INV_AMP,nuevo,contactar,4,"BLESS’s goal to deliver a user-friendly, AI-driven LCA platform aligned with SSbD to bridge database/method gaps and increase SME uptake caught my attention.  
I can introduce a LATAM manufacturer already piloting SSbD-aligned LCA workflows and share a podcast episode that documents a similar SME adoption case.  
Would an introduction and the episode be useful for your dissemination or partnership efforts?",cordis_recent_coordinators,False,otro
2026-06-23,cordis,STICHTING OPENGEOHUB,"[HydroDataCube4EU] Soil-hydrology data cube for EU: A soil-water-climate modeling platform to support mitigating flood, drought, wildfire events and help raise awareness of soil biodiversity's relevance",OUTREACH LATERAL - coordinador europeo en dominio HPC/EO busca partners LATAM para futuras llamadas Horizon; proyecto Cordis reciente en EO/HPC,https://cordis.europa.eu/project/id/101297296,Outreach lateral Cordis - soil-hydrology data cube EU,EU,INV_AMP,nuevo,contactar,4,"I see HydroDataCube4EU aims to deliver a 10 m SoilHydro10m, soil biodiversity indices, high‑res climate layers and six pilots with CC‑BY open outputs.  
I can introduce a European group experienced in high‑res soil‑moisture sensors and share a podcast episode where a Mediterranean pilot scaled similar soil‑hydrology models.  
Which pilot site or specific variable would be most useful for external collaborators to test first?",cordis_recent_coordinators,False,investigador
2026-06-23,cordis,LIBERA UNIVERSITA MARIA SANTISSIMAASSUNTA,[CIRCOLINK] Circular Revolution through Collaborative LINKs in Furniture Ecosystems,OUTREACH LATERAL - Coordinador europeo de CIRCOLINK busca socios LATAM para expandir el consorcio en futuras llamadas Horizon relacionadas con economía circular en muebles.,https://cordis.europa.eu/project/id/101289597,CORDIS outreach lateral CIRCOLINK - muebles circulares,EU,INV_AMP,nuevo,contactar,4,"I see CIRCOLINK pilots seven ""SHIFTER"" CBMs across six countries, combining B2C consumer experiments, CPP public‑procurement studies and B2B coopetition research to build scalable circular pathways. I can share a LATAM channel to manufacturers and public procurers plus a podcast episode from my archive documenting a comparable circular‑furniture pilot. Which SHIFTER(s) are testing public procurement, and would a LATAM comparison or the episode be useful for your dissemination?",cordis_recent_coordinators,False,otro
2026-06-23,cordis,DEUTSCHES ZENTRUM FUR LUFT - UND RAUMFAHRT EV,[ARGOS] Artificial intelligence for Real-time Guidance of Onboard SAR applications,OUTREACH LATERAL - Coordinador europeo de ARGOS busca partners LATAM para futuras llamadas Horizon y posibles colaboraciones en spin-offs/publicaciones.,https://cordis.europa.eu/project/id/101293423,Outreach lateral ARGOS onboard AI SAR,EU,INV_AMP,nuevo,contactar,4,"You've described an end-to-end AI framework to infer high-level SAR products directly from raw spaceborne data using Tiny AI, multi-task models and validation on space-qualified hardware.  
I can introduce a European edge-AI hardware partner and share a podcast episode featuring a practical onboard Tiny-AI SAR case, plus contacts for LATAM testbeds.  
Which onboard constraint—compute, power budget, or latency/data throughput—is most critical for ARGOS today?",cordis_recent_coordinators,False,investigador
2026-06-23,cordis,MAGGIOLI SPA,[GENeCITY] Generative Agentic AI and Explainable Digital Twins for Climate-Neutral Cities,"OUTREACH LATERAL - Coordinador europeo de GENeCITY busca partners LATAM para futuras llamadas Horizon en IA, DT y ciudades sostenibles",https://cordis.europa.eu/project/id/101270173,IA y Digital Twins para ciudades climáticamente neutrales,EU,INV_AMP,nuevo,contactar,4,"I saw GENeCITY will use a RAG-driven Scenario Engine with explainable forecasting and participatory backcasting for heat stress, air pollution, mobility and urban greening across pilots in Athens, Riga, Murcia, Amersfoort and Skellefteå.
I can send a podcast episode from my research series where a comparable city digital twin used low-cost sensors and citizen science to co-design air-quality and heat mitigation scenarios.
Would that be useful for your pilots?",cordis_recent_coordinators,False,investigador
2026-06-23,cordis,BRUNEL UNIVERSITY LONDON,"[CLEANMAT] Smart Clean Aluminium Material Processing - Digital  Sorting, Intelligent Pre-treatment, and Advanced Melt Refining",OUTREACH LATERAL - coordinador europeo en dominio de materiales (CLEANMAT) con proyecto reciente buscando partners LATAM para futuras llamadas,https://cordis.europa.eu/project/id/101294748,busqueda socios LATAM para futuras calls Horizon (CLEANMAT),EU,INV_AMP,nuevo,contactar,4,"Your CLEANMAT description of a Digital Thread linking multi-sensor scrap characterisation to near-zero flux melt refining and closed-loop heat pre-treatment (targeting up to 97% flux reduction) maps well to LATAM recycling needs. I can share targeted LATAM industry contacts with experience in sensor-based sorting and furnace retrofits, and a podcast episode documenting a comparable retrofit case. Would you like a short list of potential partners in LATAM and the episode link?",cordis_recent_coordinators,False,investigador
2026-06-23,cordis,UNIVERSITY OF NEWCASTLE UPON TYNE,[BIOCORE] BioCORE - BIOrefining in a Circular Operation with Renewable Energy,"OUTREACH LATERAL - coordinador europeo en BioCORE busca partners LATAM para futuras llamadas Horizon en bioeconomía y biorefinería, con foco en energía renovable y IA",https://cordis.europa.eu/project/id/101291093,búsqueda de socios LATAM para Horizon BioCORE,EU,INV_AMP,nuevo,contactar,4,"I saw BioCORE’s plan to demonstrate an end-to-end biorefinery for lignocellulosic agricultural residues integrating renewable energy, optimized water/solvent management and AI-driven digital control.  
I can put you in touch with a Brazilian pilot-scale biorefinery group experienced with agro-waste and a LATAM channel to farmer cooperatives and regional clusters.  
Which LATAM countries or partner types (research, industry, cooperatives) are you prioritizing for Horizon collaborations?",cordis_recent_coordinators,False,investigador
2026-06-23,ncp,,Pre-anuncio convocatoria ECTC de ERDERA,Actor europeo concreto (ERDERA) con convocatoria en salud para ensayos clínicos de enfermedades raras y ventana de interés para formar un consorcio Horizon,https://www.horizonteeuropa.es/pre-anuncio-convocatoria-ectc-de-erdera,Salud - Convocatoria ECTC ERDERA (ensayos clínicos),EU,INV_AMP,nuevo,revisar,3,"Veo que ERDERA lanzará la Convocatoria ECTC el 1/7/2026 para ensayos intervencionistas multinacionales en fase inicial en enfermedades raras; EOI hasta 10/9/2026 y webinar el 6/7/2026.  
Puedo compartir un episodio del podcast donde analizamos un caso análogo sobre coordinación multinacional y cumplimiento de BPC.  
¿Qué apoyo o contactos les serían más útiles ahora para preparar la expresión de interés?",ncp_espana_horizonte,False,otro
2026-06-23,ncp,,Expression of Interest for Marie Skłodowska-Curie Postdoctoral Fellowship,"La organización Achucarro Basque Center for Neuroscience invita expresiones de interés para un MSCA Postdoctoral Fellowship bajo Horizon Europe, lo que indica una demanda de colaboracion concreta en neurociencia para un programa europeo.",https://euraxess.ec.europa.eu/jobs/hosting/expression-interest-marie-sklodowska-curie-postdoctoral-fellowship,busqueda de candidato para MSCA PF Horizon Europe,ES,INV_AMP,nuevo,revisar,3,"Noted your Achucarro group in Bilbao seeking MSCA PF applicants to study oligodendrocyte precursor neuron–glia synaptic signalling and myelination. I can share a podcast episode about a successful MSCA PF in neurobiology and a short list of LATAM postdoc candidates with MSCA experience. Which candidate profile are you prioritizing (electrophysiology, in vivo imaging, or molecular myelination)?",euraxess_hosting_offers,False,otro
2026-06-23,ncp,,MSCA Postdoctoral Fellowship - Extreme conditions biology; Extreme environment physiology; Translational space medicine,Actor europeo concreto (Universidad de Coimbra) busca candidato para una MSCA Postdoctoral Fellowship (Horizon Europe); posible interés de Synergium como puente LATAM-Europa en futuras colaboraciones y publicaciones.,https://euraxess.ec.europa.eu/jobs/hosting/msca-postdoctoral-fellowship-extreme-conditions-biology-extreme-environment-physiology,busqueda de postdoc Horizon MSCA PF Coimbra,EU,INV_AMP,nuevo,revisar,3,"I read your MSCA Postdoctoral Fellowship posting at the University of Coimbra (CIMAGO) extending radiobiology, dosimetry and DNA-damage research into space radiation and extreme-condition physiology. I can share a vetted European dosimetry lab with MSCA experience and a LATAM space-biology group with complementary capabilities, or an interview from my research podcast on translating radiobiology to space medicine. Which specific candidate profile or partner region would be most useful for this call?",euraxess_hosting_offers,False,investigador
2026-06-23,web,,HORIZON-CL6-2026-01-CIRCBIO-10 Bio-based innovation in society: supporting the sustainable way of living | Horizon Europe on-site Matchmaking for Cluster 6 - Calls 2026,Actor europeo concreto (CNTA) buscando socios LATAM para Horizon Europe CIRCBIO-10 (bio-based innovation in society).,https://b2match.com/e/care4bio-2026/opportunities/UGFydGljaXBhdGlvbk9wcG9ydHVuaXR5OjIwMTgzMA==,busqueda socios Horizon CIRCBIO-10,ES,INV_AMP,nuevo,revisar,3,"[NOMBRE], I read your HORIZON-CL6-2026-01 CIRCBIO-10 entry—especially the emphasis on fermentation-based production of functional ingredients and the integration of PINNs/digital twins for reliable scale-up.

I can introduce a European partner experienced in PINNs-driven bioprocess digital twins and a LATAM pilot site for precision fermentation of food bioactives.

Which of those areas are you prioritising for partner search in the proposal?",web_brave_b2match_partners,False,agencia
2026-06-23,web,,EGEOS Technology | Horizon Europe Online Matchmaking for Cluster 6 - Calls 2025,"Actor europeo concreto (EGEOS Technology) busca socios para un consorcio Horizon Europe en Cluster 6/Calls 2025; proyecto enfocado a GIS, agricultura y medio ambiente.",https://www.b2match.com/e/care4bio-2025/participations/502815,busqueda socios Horizon cluster 6 2025,EU,INV_AMP,nuevo,revisar,3,"I saw your ASSALA project (AI-powered tools for better forest management) seeking consortium partners and a coordinator. I can introduce a European research partner expert in EO/MRV for non‑CO2 emissions and forest monitoring, or a LATAM group with operational forest MRV experience. Which partner profile would be most useful for your Cluster 6 2025 proposal?",web_brave_b2match_partners,False,empresa
2026-06-23,web,,Breathome Analytics | CLUSTER Health Horizon Europe Brokerage Event 2026,"Actor europeo concreto (Breathome Analytics) busca partners para un consorcio Horizon HLTH-2026, enfocado en defectos de salud digital y detección de NCD; se trata de una búsqueda de socios específica con destino a llamadas, aunque no se verifica fecha de publicación ni cierre en el extracto.",https://www.b2match.com/e/cluster-health-horizon-europe-brokerage-2026/participations/650600,busqueda de socios Horizon HLTH-2026 en salud digital y detección temprana de NCD,EU,INV_AMP,nuevo,revisar,3,"[NOMBRE], your pre-incorporation pocket-sized breath acetone device for metabolic wellness and NCD prevention targeting multiple HORIZON‑HLTH‑2026 destinations caught my attention.  
I can introduce a European primary-care consortium partner experienced in cardiovascular and regulatory Horizon projects, and share a podcast episode on breath biomarker validation and clinical adoption.  
Which Horizon destination or partner profile should I prioritise for introductions?",web_brave_b2match_partners,False,empresa
2026-06-23,web,,Searching for consortium — HORIZON-CL2-2026-01-DEMOCRACY-04: Sustainable Paths to Media Viability | Net4Society Matchmaking Event for 2026 Cluster 2 calls,Actor europeo concreto (STEMwise) buscando partner para la convocatoria Horizon-CL2-2026-01 DEMOCRACY-04; publicación reciente (2026-05-08) con oferta de colaboración para formar consorcio,https://b2match.com/e/net4society-matchmaking-event/opportunities/UGFydGljaXBhdGlvbk9wcG9ydHVuaXR5OjIzODMyMg==,busqueda de socios Horizon DEMOCRACY 2026,EU,INV_AMP,nuevo,revisar,3,"Noted you're offering eSARP (TRL7), an explainable-AI decision‑intelligence platform aimed at editorial decision‑support, audience analytics and spotting information manipulation for HORIZON-CL2-2026-01-DEMOCRACY-04.  
I can introduce a European public broadcaster experienced in CL2/Democracy consortia or share a podcast episode with a case of explainable AI deployed in newsrooms.  
Would you prefer an intro to media partners or the case-study episode first?",web_brave_b2match_partners,False,empresa
2026-06-23,web,,AI-powered software engineering and digital transformation provider seeking long-term technology partnerships | Enterprise Europe Network,"Actor concreto (empresa internacional de software) busca partnerships tecnológicos y outsourcing con enfoque en IA, publicación reciente y perfil compatible con consorcios Horizon.",https://een.ec.europa.eu/partnering-opportunities/ai-powered-software-engineering-and-digital-transformation-provider,busqueda socios Horizon - IA y software,EU,INV_AMP,nuevo,revisar,3,"I saw you're offering AI-powered software development, cloud transformation, data & analytics, DevOps, quality engineering and dedicated development teams while seeking outsourcing, supplier and strategic technology partners.
I can introduce a Horizon-ready European research partner and a LATAM R&D contact experienced in AI-driven software engineering, or share a podcast episode about a similar EU–LATAM collaboration.
Which partner profile or region are you prioritizing right now?",web_brave_een_partners_semana,False,empresa
2026-06-23,web,,"Clinical biometrics CRO offering data management, biostatistics, statistical programming and AI-enabled clinical trial support | Enterprise Europe Network","Proveedor de biometría clínica busca alianzas para outsourcing a largo plazo en gestión de datos, biostatística, programación estadística e IA para ensayos clínicos.",https://een.ec.europa.eu/partnering-opportunities/clinical-biometrics-cro-offering-data-management-biostatistics-statistical,busqueda socios Horizon - servicios CRO biometría clínica,desconocido,INV_AMP,nuevo,revisar,3,"You offer clinical data management, biostatistics, statistical programming, evidence generation and AI-enabled clinical trial solutions for pharma and biotech.  
I can introduce a European pharma/biotech partner already evaluating CROs for Horizon-cluster proposals, or share contacts at LATAM trial sites interested in outsourced biometrics.  
Which partnership type (outsourcing, supplier, commercial) are you prioritizing for the next 12 months?",web_brave_een_partners_semana,False,empresa
2026-06-23,web,,"Greek cold chain logistics company offering temperature-controlled transport services seeks food, pharmaceutical and maritime partners in Spain and the Netherlands under commercial and outsourcing agreements | Enterprise Europe Network",empresa griega busca socios en España y Países Bajos para acuerdos comerciales y outsourcing en logística de cadena de frío (food y pharma),https://een.ec.europa.eu/partnering-opportunities/greek-cold-chain-logistics-company-offering-temperature-controlled,"busqueda de socios para acuerdos comerciales y outsourcing en cadena de frío (food, pharma, maritime) en ES y NL",EU,INV_AMP,nuevo,revisar,3,"I see you provide end-to-end refrigerated and frozen logistics — collection, storage, international transport and door-to-door delivery for food, cruise supply and pharmaceuticals.
I can share a shortlisted Dutch refrigerated-transport operator, a Spanish cruise-supply contact and a podcast episode about scaling pharma cold-chain partnerships.
Which partner profile in Spain or the Netherlands are you prioritising?",web_brave_een_partners_semana,False,empresa
2026-06-23,web,,HORIZON-CL5-2026-09-D2-01: Lithium-ion battery gigafactory and graphite-producing company sought for a project aimed to develop synthetic graphite and/or alternative carbon-based materials from European bio-based feedstocks for battery components | Enterprise Europe Network,Actor europeo concreto (RTO español) busca partner para la convocatoria Horizon CL5-2026-09-D2-01; publicación reciente (31-05-2026) y call activa; dominio técnico de materiales para baterías.,https://een.ec.europa.eu/partnering-opportunities/horizon-cl5-2026-09-d2-01-lithium-ion-battery-gigafactory-and-graphite,busqueda de socio Horizon CL5-2026-09 D2-01 para grafito/bio-based materials,ES,INV_AMP,nuevo,revisar,3,"You mention coordinating a Horizon CL5-2026-09-D2-01 proposal to develop synthetic graphite and alternative carbon materials from European bio-based feedstocks for battery components.
I can share contacts for a European battery-grade synthetic-graphite producer and LATAM bio-based feedstock suppliers, and a podcast episode on a similar scale-up.
Which partner profile are you prioritising for the proposal: gigafactory, graphite producer or feedstock supplier?",web_brave_een_partners_mes,False,otri
2026-06-23,web,,AI-powered software engineering and digital transformation provider seeking long-term technology partnerships | Enterprise Europe Network,"Actor concreto (empresa internacional de software) busca partnerships tecnológicos y outsourcing con enfoque en IA, publicación reciente y perfil compatible con consorcios Horizon.",https://een.ec.europa.eu/partnering-opportunities/ai-powered-software-engineering-and-digital-transformation-provider,busqueda socios Horizon - IA y software,EU,INV_AMP,nuevo,revisar,3,"I saw you're offering AI-powered software development, cloud transformation, data & analytics, DevOps, quality engineering and dedicated development teams while seeking outsourcing, supplier and strategic technology partners.
I can introduce a Horizon-ready European research partner and a LATAM R&D contact experienced in AI-driven software engineering, or share a podcast episode about a similar EU–LATAM collaboration.
Which partner profile or region are you prioritizing right now?",web_brave_een_partners_mes,False,empresa
2026-06-23,web,,"Clinical biometrics CRO offering data management, biostatistics, statistical programming and AI-enabled clinical trial support | Enterprise Europe Network","Proveedor de biometría clínica busca alianzas para outsourcing a largo plazo en gestión de datos, biostatística, programación estadística e IA para ensayos clínicos.",https://een.ec.europa.eu/partnering-opportunities/clinical-biometrics-cro-offering-data-management-biostatistics-statistical,busqueda socios Horizon - servicios CRO biometría clínica,desconocido,INV_AMP,nuevo,revisar,3,"You offer clinical data management, biostatistics, statistical programming, evidence generation and AI-enabled clinical trial solutions for pharma and biotech.  
I can introduce a European pharma/biotech partner already evaluating CROs for Horizon-cluster proposals, or share contacts at LATAM trial sites interested in outsourced biometrics.  
Which partnership type (outsourcing, supplier, commercial) are you prioritizing for the next 12 months?",web_brave_een_partners_mes,False,empresa
2026-06-23,web,,HORIZON-CL5-2026-09-D2-01: Lithium-ion battery gigafactory and graphite-producing company sought for a project aimed to develop synthetic graphite and/or alternative carbon-based materials from European bio-based feedstocks for battery components | Enterprise Europe Network,Organización de I+D española solicita socio concreto para la convocatoria Horizon CL5-2026-09-D2-01 enfocada en grafito y materiales de carbono derivados de biomasa para componentes de baterías.,https://een.ec.europa.eu/partnering-opportunities/horizon-cl5-2026-09-d2-01-lithium-ion-battery-gigafactory-and-graphite,HORIZON-CL5-2026-09-D2-01: grafito sintético y materiales de carbono a partir de feedstocks bio-basados para baterías,ES,INV_AMP,nuevo,revisar,3,"I see you’re preparing a HORIZON-CL5-2026-09-D2-01 proposal to develop synthetic graphite and alternative carbon materials from European bio-based feedstocks for battery components.
I can share a contact at a European synthetic-graphite producer, introduce LATAM pilot channels, or send an episode of my research podcast covering a closely related project.
Which of these would help you most at this stage?",web_brave_een_partners_mes,False,otri
2026-06-23,web,,A Greek company offers a unified artificial intelligence platform for evidence-backed biomedical research and hypothesis generation | Enterprise Europe Network,"Actor europeo concreto solicitando socios para acuerdos comerciales con asistencia técnica en IA aplicada a biomedicina, publicación reciente.",https://een.ec.europa.eu/partnering-opportunities/greek-company-offers-unified-artificial-intelligence-platform-evidence,busqueda de socios para plataforma IA biomédica,EU,INV_AMP,nuevo,revisar,3,"You’ve developed an integrated AI platform for evidence-backed biomedical research and seek pharma, biotech, medtech, CROs, hospitals and research institutes as partners.

I can introduce a European CRO experienced in deploying AI into clinical R&D and connect you to LATAM research hospitals plus a podcast case study on platform adoption.

Which partner profile and region are you prioritising?",web_brave_een_partners_mes,False,empresa
2026-06-23,web,,"Dutch healthcare AI company developing an expert platform for AI assessment, reimbursement and market navigation seeks international partners. | Enterprise Europe Network",Empresa holandesa desarrolla una plataforma AI en salud y busca socios internacionales para colaborar en consorcio o próxima llamada Horizon.,https://een.ec.europa.eu/partnering-opportunities/dutch-healthcare-ai-company-developing-expert-platform-ai-assessment,busqueda de socios europeos para plataforma AI en salud/HTA,EU,INV_AMP,nuevo,revisar,3,"You’re building a European healthcare-AI expert platform with an AI Value Assessment and Reimbursement module that maps HTA activity, payer requirements, evidence expectations and reimbursement signals.  
I can share a vetted Spanish HTA expert, a LATAM payer/channel contact and a podcast episode that documents a comparable AI reimbursement pathway.  
Would you be interested in those contacts and the episode to test them against your platform’s evidence taxonomy?",web_brave_een_partners_mes,False,empresa
2026-06-23,web,,"Greek cold chain logistics company offering temperature-controlled transport services seeks food, pharmaceutical and maritime partners in Spain and the Netherlands under commercial and outsourcing agreements | Enterprise Europe Network",empresa griega busca socios en España y Países Bajos para acuerdos comerciales y outsourcing en logística de cadena de frío (food y pharma),https://een.ec.europa.eu/partnering-opportunities/greek-cold-chain-logistics-company-offering-temperature-controlled,"busqueda de socios para acuerdos comerciales y outsourcing en cadena de frío (food, pharma, maritime) en ES y NL",EU,INV_AMP,nuevo,revisar,3,"I see you provide end-to-end refrigerated and frozen logistics — collection, storage, international transport and door-to-door delivery for food, cruise supply and pharmaceuticals.
I can share a shortlisted Dutch refrigerated-transport operator, a Spanish cruise-supply contact and a podcast episode about scaling pharma cold-chain partnerships.
Which partner profile in Spain or the Netherlands are you prioritising?",web_brave_een_partners_mes,False,empresa
2026-06-23,cordis,EIGEN VERMOGEN VAN HET INSTITUUT VOOR LANDBOUW- EN VISSERIJONDERZOEK,"[DigiWaves] Towards transparent and sustainable European fisheries through digital innovation in monitoring, control and surveillance",OUTREACH LATERAL - Coordinador europeo de DigiWaves busca partners LATAM para futuras llamadas Horizon en pesca digital y gestión basada en datos,https://cordis.europa.eu/project/id/101289878,busqueda socios Horizon pesca digital,EU,INV_AMP,nuevo,revisar,3,"You’re co-developing operational prototypes and a robust digital data framework to move small‑scale, long‑distance and recreational fisheries toward data‑driven monitoring, control and policy‑aligned governance.  
I can connect you with a Latin American small‑scale fisheries network that piloted low‑cost monitoring and share a podcast episode documenting an analogous AI‑driven pilot.  
Would you like an introduction and the episode link, or which fleet (SSF, LDF or RF) should I prioritise?",cordis_recent_coordinators,False,investigador
2026-06-23,cordis,UNIVERSITA CAMPUS BIO MEDICO DI ROMA,[GROWT5] Guided Robotic-human Orchestration with Wearables for manufacturing: Twin Transition Through Tactile Teaming,"OUTREACH LATERAL - coordinador europeo en IA, sensores y manufactura buscando partners LATAM para futuras calls Horizon; diálogo sobre posibles colaboraciones y spin-offs.",https://cordis.europa.eu/project/id/101294684,CORDIS OUTREACH LATERAL - wearables y colaboración humano-robot para manufacturing,EU,INV_AMP,nuevo,revisar,3,"I see GROWT5 develops textile-integrated multielectrode smart garments combined with neuromusculoskeletal digital twins and AI to monitor fatigue, posture risks and deliver electrotactile feedback.
I can share a podcast episode about industrial deployment of digital twins and connect you with a LATAM partner experienced in wearable ergonomics.
Which of those—fatigue prediction, tactile actuation, or shared-control integration—would you welcome external input on?",cordis_recent_coordinators,False,investigador
2026-06-23,cordis,UNIVERSITA DEGLI STUDI DI ROMA LA SAPIENZA,[GAINAfrica] Generative Artificial INtelligence for Africa,"OUTREACH LATERAL - coordinador europeo en IA GenAI para África, con potencial para partners LATAM en futuras calls, colaboraciones y publicaciones.",https://cordis.europa.eu/project/id/101298559,CORDIS outreach lateral - GenAI para África (IA aplicada),EU,INV_AMP,nuevo,revisar,3,"I read GAINAfrica’s plan to build low‑resource, multilingual, mobile‑friendly GenAI pilots for agriculture, healthcare, education and urban planning via 10+ pilots and 5+ living labs. I can introduce a European research team experienced in mobile-first, multilingual GenAI pilots in African settings and send a podcast episode featuring a co‑creation pilot with similar transferability challenges. Which of your four use cases are you prioritising for wider collaboration?",cordis_recent_coordinators,False,otro
2026-06-23,cordis,UNIVERSITAET GRAZ,"[BIOSCALES] Optimising Bioeconomy Innovation Ecosystems for Substitution, Circularity, and Longevity to Decouple Sustainability Trade-offs",OUTREACH LATERAL - Coordinador europeo en dominio bioeconomy/biotech buscando socios LATAM para futuras llamadas Horizon relacionadas con bioeconomy y sostenibilidad,https://cordis.europa.eu/project/id/101296173,busqueda socios Horizon bioeconomy BIOSCALES,EU,INV_AMP,nuevo,revisar,3,"I see BIOSCALES integrates three decoupling mechanisms (extended product lifespans, circular biomass use, substitution) and co-designs sustainable-optimised target states (SOTS) across five European case studies to test techno-economic feasibility and Quintuple Helix acceptance. I can share a podcast episode that walks through a comparable multi-actor bioeconomy co-design and replication lessons from LATAM. Would you be interested in that episode or in contacts for LATAM replication?",cordis_recent_coordinators,False,investigador
2026-06-23,cordis,MEDIZINISCHE HOCHSCHULE HANNOVER,[iNDUCARE] OPTIMISING THE MANUFACTURING PLATFORM FOR INDIVIDUALIZED IPS CELL BASED HEART REPAIR,OUTREACH LATERAL - coordinador europeo con proyecto Horizon reciente en biotecnología de células iPSC buscando socios LATAM para futuras llamadas,https://cordis.europa.eu/project/id/101288899,busqueda de socios LATAM para Horizon - medicina regenerativa con iPSC,EU,INV_AMP,nuevo,revisar,3,"Your project’s optimisation of FDA‑approved autologous hiPSC‑derived cardiomyocyte production — including 300 mL stirred‑tank parallel dosing, AI‑driven digital twins and genomic/epigenetic QC for early triage — tackles major translational bottlenecks.  
I can share contacts for LATAM GMP cell‑therapy CDMOs and a podcast episode analysing a comparable autologous iPSC cardiac translation.  
Which LATAM countries or partner profiles would be most useful for your Horizon outreach?",cordis_recent_coordinators,False,investigador
2026-06-23,cordis,IST-ID ASSOCIACAO DO INSTITUTO SUPERIOR TECNICO PARA A INVESTIGACAO E O DESENVOLVIMENTO,[TERRAMARE] INTEGRATED TERRESTRIAL AND MARINE DECISION SUPPORT TOOL FOR THE ASSESSMENT OF RESOURCE USE TRADE-OFFS IN EUROPE,OUTREACH LATERAL - Coordinador europeo de TERRAMARE busca socios LATAM para futuras calls Horizon y colaboración en publicaciones y spin-offs.,https://cordis.europa.eu/project/id/101295888,busqueda socios LATAM para TERRAMARE y futuras llamadas Horizon,EU,INV_AMP,nuevo,revisar,3,"I read TERRAMARE is building LOTUS: a web-based, mass- and energy-balance constrained deliberation tool with an AI agent for non-technical explanations and a Brazil case study.  
I can introduce a Brazil-based coastal ecosystem and biomass-modelling team, plus a LATAM policy channel experienced in multi-actor co-creation to support your Brazil test.  
Would you like an introduction or a short briefing on suitable LATAM partners for the Brazil case?",cordis_recent_coordinators,False,investigador
2026-06-23,cordis,UNIVERSIDADE DE COIMBRA,[GWPathFinder] GWPathFinder: Projecting Fluorinated Gas Emission Pathways with GWP Insights for a Sustainable Future,OUTREACH LATERAL - Proyecto CORDIS/EO con enfoque en F-gases y políticas climáticas de la UE busca explorar alianzas LATAM para futuras convocatorias Horizon.,https://cordis.europa.eu/project/id/101295906,busqueda de socios Horizon en gases fluorados y mitigación climática,PT,INV_AMP,nuevo,revisar,3,Your GWPathFinder description highlights an open-access platform combining ML prediction of GWP for novel F-gases and integration with PROMETHEUS and TIAM-ECN to generate regionally disaggregated emission pathways. I can share a direct contact at a European ML group experienced in GWP surrogate models and a podcast episode documenting a comparable RACHP mitigation case in LATAM. Would a European ML contact or the LATAM case study be more useful right now?,cordis_recent_coordinators,False,investigador
2026-06-23,cordis,UNIVERSITEIT GENT,[SoilPATH] SOIL Practices Assessment and Transition for Health,OUTREACH LATERAL - coordinador europeo en SoilPATH buscando explorar socios LATAM para futuras llamadas Horizon relacionadas con salud del suelo y IA en agricultura,https://cordis.europa.eu/project/id/101296634,busqueda socios Horizon SoilPATH,EU,INV_AMP,nuevo,revisar,3,"I saw SoilPATH will extend the Open Soil Index into a harmonised EU model and embed it in the SOILpathways platform, combining multi‑performance indicators, AI forecasting and 12 national multi‑actor networks.  
I can introduce a European agri‑tech partner experienced at translating Open Soil Index outputs into farmer‑facing decision‑support tools.  
Which stakeholder group or pedoclimatic zone are you prioritising for the first pilots?",cordis_recent_coordinators,False,investigador
2026-06-23,cordis,UNIVERSITAET BREMEN,[SENSORAMA] SENSORAMA,OUTREACH LATERAL - coordinador europeo de SENSORAMA busca socios LATAM para futuras calls de Horizon; proyecto en XR training médico con IA y simulación.,https://cordis.europa.eu/project/id/101297303,busqueda de socios Horizon SENSORAMA,EU,INV_AMP,nuevo,revisar,3,"Your SENSORAMA work on a synchronized multimodal data model (visual, auditory, haptic, thermal) with ≤20 ms latency and OpenUSD/OpenXR/MPEG‑I Haptics–compatible SDKs — plus neurofeedback and five clinical demonstrators — is impressive.  
I can introduce you to a LATAM university hospital experienced in validating hip arthroplasty XR simulators and sharing clinical evaluation protocols.  
Would you like an introduction and their recent validation data?",cordis_recent_coordinators,False,otro
2026-06-23,cordis,UNIVERSITY OF SOUTHAMPTON,"[RUST2LIFE] Remanufacturing Upscaling via Semantic and interoperable digital Twins towards circuLar, AI-driven, standardized and Industry 5.0-ready manuFacturing Ecosystems","OUTREACH LATERAL - Coordinador europeo del proyecto CORDIS RUST2LIFE busca partners LATAM para futuras llamadas Horizon/UE en IA, digital twins y economía circular en manufacturing.",https://cordis.europa.eu/project/id/101295335,CORDIS Outreach: partners LATAM para RUST2LIFE,EU,INV_AMP,nuevo,revisar,3,"Your RUST2LIFE blueprint linking semantic Digital Twins, the MCP and the EU Digital Product Passport to deliver AI‑assisted six‑phase remanufacturing workflows and PDCA pilots to TRL7 is compelling.  
I can connect you with validated LATAM partners — a Brazilian automotive remanufacturer piloting digital‑thread/DPP integration and a Chilean lab experienced in LCA/LCC for circularity — or share a podcast case on cross‑continental scaling.  
Would you like an intro to those contacts or the episode?",cordis_recent_coordinators,False,investigador
2026-06-23,cordis,UNIVERSITAT FUR WEITERBILDUNG KREMS,"[BEETHOVEN] Linking Brain, Environment and Ecosystems Through Holistic Omics and Validated Evidence-based Nutrition guidelines",OUTREACH LATERAL - Coordinador europeo en nutrición y salud mental busca socios LATAM para futuras convocatorias Horizon y colaboraciones en spin-offs/publicaciones,https://cordis.europa.eu/project/id/101266061,busqueda socios Horizon LATAM,EU,INV_AMP,nuevo,revisar,3,"Your NUTRI‑MIND plan to integrate omics, microbiome–host interactions and metabolomics to build evidence-based nutrition guidelines for mental health is very clear from the project summary.

I can share a podcast episode from my research series on a comparable diet–microbiome intervention and introduce LATAM research groups with existing cohorts and metabolomics data.

Which Latin American countries or population groups are you prioritising for partner searches?",cordis_recent_coordinators,False,investigador
2026-06-23,cordis,SOCIEDAD ANONIMA AGRICULTORES DE LAVEGA DE VALENCIA,[Circular4farm] Scaling Up Circular Water Management to Enhance Agricultural Resilience in Europe,"OUTREACH LATERAL - Coordinador europeo de Circular4Farm (ES) ha obtenido un proyecto Horizon; objetivo contactar LATAM para futuros calls, colaboraciones en spin-offs/publicaciones y ampliar la red de socios.",https://cordis.europa.eu/project/id/101289665,CORDIS OUTREACH LATERAL - Circular4Farm LATAM partner search,ES,INV_AMP,nuevo,revisar,3,"Noted your demonstration of circular-water reuse across six European pilots, the microbiological–chemical risk-rating aligned with Reg. (EU) 2020/741, ML virtual sensors, biochar treatments and DSS for crop-water needs.  
I can connect you with a LATAM research group piloting greenhouse and hydroponic reuse systems and share a podcast episode on an analogous ML-based monitoring and risk-assessment case.  
Would you be interested in an introduction or in receiving that episode/case summary?",cordis_recent_coordinators,False,investigador
2026-06-23,cordis,INSTITUT NATIONAL DE LA SANTE ET DE LA RECHERCHE MEDICALE,[MICRO-NEST] Microbiota–Immune–Cognition Relationships from Neonatal Environments to Social Trajectories,OUTREACH LATERAL - Coordinador europeo con proyecto Horizon reciente en neurobiología/autismo busca partners LATAM para futuras llamadas Horizon,https://cordis.europa.eu/project/id/101290494,"busqueda socios Horizon LATAM - outreach lateral CORDIS (autismo, microbiota, AI)",EU,INV_AMP,nuevo,revisar,3,"Noted MICRO‑NEST's integration of saliva glycomics, frozen‑blood deep T‑cell phenotyping, AI digital twins and a sheep model to identify early markers of prematurity‑related autism.
I can share a LATAM neonatal cohort contact and an episode from my research podcast that discusses microbiome–immune biomarkers in early neurodevelopment.
Would you be interested in a short note connecting that cohort and the podcast case to your biomarker and animal‑model pipeline?",cordis_recent_coordinators,False,investigador
2026-06-23,cordis,TEKNOLOGIAN TUTKIMUSKESKUS VTT OY,[Electric Blue] Sustainable maritime transport: Technologies for eco-friendly shipping to support coastal communities,OUTREACH LATERAL - coordinador europeo en dominio energía/ambiente/marítimo solicita partners LATAM para futuras calls Horizon en electrificación de buques,https://cordis.europa.eu/project/id/101270307,CORDIS outreach lateral - partners LATAM Horizon (electrificación marina),EU,INV_AMP,nuevo,revisar,3,"I read ELECTRIC BLUE's full-scale demo on the retrofitted RoPax (Finnsirius/Finncanopus) with a 5 MWh battery targeting a 40% increase in electric range (≥120 nm), AI-driven energy management and high-capacity shore charging.  
I can send a podcast episode from my research series that examines a comparable RoPax retrofit and shore-side charging deployment.  
Are you exploring replication or port trials in LATAM where that material would be useful?",cordis_recent_coordinators,False,investigador
2026-06-23,cordis,DEUTSCHES ZENTRUM FUR LUFT - UND RAUMFAHRT EV,[STARLET] Strategies for technology infrastructures in aviation,OUTREACH LATERAL - Coordinador europeo STARLET busca partners LATAM para futuras llamadas Horizon en infraestructuras tecnológicas aeronáuticas,https://cordis.europa.eu/project/id/101293441,STARLET aviation TIs - outreach lateral,EU,INV_AMP,nuevo,revisar,3,"I read STARLET’s plan to map needs, gaps and overlaps and to build a consolidated web-based database to improve cross-border access to aviation technology infrastructures.

I can share a vetted European test-facility contact experienced in cross-border TI governance and a podcast episode on an EU–LATAM infrastructure integration case.

Would you be interested in exploring pilots with LATAM partners for validation of hydrogen or hybrid-electric test facilities?",cordis_recent_coordinators,False,otro
2026-06-23,cordis,TELEFONICA INNOVACION DIGITAL SL,[EURO-3C] EUROpean 3C Networks for Secure Telco-Cloud-Edge,OUTREACH LATERAL - coordinador europeo en dominio HPC/edge computing busca potenciales socios LATAM para futuras calls Horizon en Telco-Edge-Cloud.,https://cordis.europa.eu/project/id/101297599,Outreach lateral: Horizon Telco-Edge-Cloud,ES,INV_AMP,nuevo,revisar,3,"[NOMBRE], I see EURO-3C is building the first large-scale, federated Pan‑European pilot for converged Telco‑Edge‑Cloud services, targeting 70+ production edge nodes and 9 industry use cases (Automotive, Transport, Energy, PPDR).
I can introduce a LATAM telco operator actively seeking edge‑cloud pilots and share a podcast episode covering a comparable multi-vendor, federated infrastructure deployment.
Would you be interested in an introduction or the episode?",cordis_recent_coordinators,False,investigador
2026-06-23,cordis,FRAUNHOFER GESELLSCHAFT ZUR FORDERUNG DER ANGEWANDTEN FORSCHUNG EV,[AIMPERES] AI-driven Modular Platform for Emission-Reduction & Efficient Shipping,OUTREACH LATERAL - Coordinador europeo con proyecto Horizon en IA aplicada a la reduccion de emisiones en shipping busca partners LATAM para futuras convocatorias y colaboraciones,https://cordis.europa.eu/project/id/101271067,busqueda partners Horizon shipping AI EMS,DE,INV_AMP,nuevo,revisar,3,"Noted AIMPERES’s EMS combining marine‑hardened exhaust monitoring, hybrid digital twins and a crew‑centric dashboard to deliver ≥5% fuel savings and 12–25% emission cuts across inland, coastal and deep‑sea vessels. I can introduce a European retrofit integrator experienced in marine sensor deployments and share a podcast case study featuring a similar retrofit pilot. Which vessel type or pilot market are you prioritising for partner searches?",cordis_recent_coordinators,False,investigador
2026-06-23,web,,Búsqueda de socios para Proyectos Europeos - Sequoia Pro,Competidor: agencia de búsqueda de socios para proyectos europeos (broker/matchmaking) que ofrece el mismo servicio que Synergium.,https://www.sequoiapro.es/busqueda-de-socios-para-proyectos-europeos/,busqueda socios Horizon,ES,INV_AMP,nuevo,revisar,2,,web_brave_dolor_es,True,agencia
2026-06-23,web,,¡Buscamos socios estratégicos para potenciar Lex Play…,"publicación de LinkedIn solicitando socios estratégicos para un proyecto Horizon, sin detalles de convocatoria ni fecha de cierre",https://es.linkedin.com/posts/diego-aburto-82151266_buscamos-socios-estrat%C3%A9gicos-para-potenciar-activity-7307465510856675328-WJEl,busqueda de socios Horizon (call genérica),desconocido,INV_AMP,nuevo,revisar,2,,web_brave_dolor_es,False,investigador
2026-06-23,web,,El Partenariado Europeo para una Economía Azul Sostenible abrirá su tercera convocatoria transnacional el próximo 15 de septiembre | Agencia Estatal de Investigación,ANUNCIO PRE-CONVOCATORIA AEI para SBEP; no hay demanda de socios LATAM ni convocatoria activa,https://www.aei.gob.es/noticias/partenariado-europeo-economia-azul-sostenible-abrira-su-tercera-convocatoria-transnacional,preanuncio SBEP 3ª convocatoria transnacional,ES,INV_AMP,nuevo,revisar,2,,web_brave_dolor_es,False,agencia
2026-06-23,web,,El partenariado europeo Agroecology preanuncia su tercera convocatoria bajo el título “Fostering plant and animal genetic diversity and empowering farmers to accelerate the agroecological transition” | Horizonte Europa,"Agencias españolas anuncian una futura convocatoria Horizon en Agroecología; no hay demanda de socios concreta ni fecha de cierre, por lo que es información institucional más que un prospecto de partnership.",https://www.horizonteeuropa.es/el-partenariado-europeo-agroecology-preanuncia-su-tercera-convocatoria-bajo-el-titulo-fostering,preanuncio de convocatoria Horizon Agroecology,ES,INV_AMP,nuevo,revisar,2,,web_brave_dolor_es,False,agencia
2026-06-23,web,,Buscador de socios - Murcia Región Europea,"Portal genérico de una agencia regional que ofrece servicios de búsqueda de socios para proyectos europeos, sin un caso concreto ni una convocatoria específica.",https://murciaregioneuropea.carm.es/buscador-de-socios,busqueda de socios Horizon - agencia regional,ES,INV_AMP,nuevo,revisar,2,,web_brave_dolor_es,False,agencia
2026-06-23,web,,Europa Direct - Búsquedas de socios para proyectos,portal genérico de búsqueda de socios sin caso concreto de Horizon ni fecha de cierre reciente,https://www.gobiernodecanarias.org/economia/europedirect/proyectos_busqueda_de_socios/,busqueda de socios Erasmus+/Horizon,ES,INV_AMP,nuevo,revisar,2,,web_brave_dolor_es,False,otro
2026-06-23,web,,Proyectos Europeos - Fundación Equipo Humano,"La Fundación Equipo Humano ofrece servicios de búsqueda de socios y gestión de proyectos europeos, posicionándose como competidor directo de nuestro matchmaking Horizon.",https://fundacionequipohumano.es/proyectos-europeos,busqueda de socios Horizon,ES,INV_AMP,nuevo,revisar,2,,web_brave_dolor_es,True,agencia
2026-06-23,web,,Europa Direct - Búsquedas de socios para proyectos,Portal de búsqueda de socios para proyectos Horizon (Europa Direct) que indica demanda de socios en la UE; no hay caso concreto ni fechas de llamada.,https://www.gobcan.net/economia/europedirect/proyectos_busqueda_de_socios/,busqueda de socios Horizon genérico (Europa Direct) - socios en la UE,EU,INV_AMP,nuevo,revisar,2,,web_brave_dolor_es,False,otro
2026-06-23,web,,interesados en colaborar con - English translation – Linguee,extracto de portal genérico que menciona colaborar con un programa pero no especifica actor concreto ni convocatoria Horizon,https://www.linguee.com/spanish-english/translation/interesados+en+colaborar+con.html,colaboración con programa MOST,desconocido,INV_AMP,nuevo,revisar,2,,web_brave_dolor_es,False,otro
2026-06-23,web,,"Espinosa, CEO de Nissan: Estamos en conversaciones con terceros interesados en colaborar en la planta de Sunderland | MarketScreener España",fuera de dominio - noticia corporativa sin demanda de socio Horizon ni búsqueda concreta de partnership,https://es.marketscreener.com/noticias/espinosa-ceo-de-nissan-estamos-en-conversaciones-con-terceros-interesados-en-colaborar-en-la-plant-ce7f5bddd881f720,colaboración industrial Sunderland,EU,INV_AMP,nuevo,revisar,2,,web_brave_dolor_es,False,empresa
2026-06-23,web,,Looking for partners to prepare a Horizon Europe proposal? | EURAXESS,Portal genérico de búsqueda de socios para Horizon Europe sin caso concreto ni call específica,https://euraxess.ec.europa.eu/worldwide/lac/looking-partners-prepare-horizon-europe-proposal,busqueda de socios Horizon Europe (partner search),EU,INV_AMP,nuevo,revisar,2,,web_brave_dolor_en,False,agencia
2026-06-23,web,,Looking for partners – Horizon Europe Office in Ukraine,Portal genérico de búsqueda de socios Horizon Europe sin un caso concreto ni call activa,https://horizon-europe.org.ua/en/participate/looking-for-partners/,busqueda de socios Horizon Europe,desconocido,INV_AMP,nuevo,revisar,2,,web_brave_dolor_en,False,otro
2026-06-23,web,,We are looking for partners for HORIZON-CL5-2024-D6-01 ...,Anuncio genérico de búsqueda de socios para una convocatoria Horizon sin actor LATAM concreto ni fecha de cierre verificables.,https://www.developmentaid.org/calls-for-partners/view/1022/we-are-looking-for-partners-for-horizon-cl5-2024-d6-01-08,busqueda de socios Horizon (generic),desconocido,INV_AMP,nuevo,revisar,2,,web_brave_dolor_en,False,otro
2026-06-23,web,,Find an industrial partner for your Horizon Europe project consortium,Contenido genérico sobre búsqueda de socios para Horizon Europe; no hay un actor LATAM concreto ni llamada específica.,https://microfluidics-innovation-center.com/horizon-europe/how-to-find-an-industrial-partner-for-your-horizon-europe-project/,busqueda socios Horizon Europe - partner industrial,EU,INV_AMP,nuevo,revisar,2,,web_brave_dolor_en,False,consultor
2026-06-23,web,,‘Fast Matchmaking’ for Horizon 2020: looking for partners? Find out how EATRIS can support your consortium! – EATRIS,"Proveedor de matchmaking para consorcios Horizon, servicio similar al de Synergium; publicación antigua.",https://eatris.eu/insights/fast-matchmaking-for-horizon-2020-looking-for-partners-find-out-how-eatris-can-support-your-consortium/,busqueda de socios Horizon - matchmaking genérico,EU,INV_AMP,nuevo,revisar,2,,web_brave_dolor_en,True,otro
2026-06-23,web,,Call H2020-SC1-PHE-CORONAVIRUS-2020-2: Second call for an Expression of Interest for innovative and rapid health-related approaches to respond to COVID-19 and to deliver quick results for society for a higher level of preparedness of health systems. | horizon 2020,"Convocatoria Horizon orientada a salud/biotech que solicita expresiones de interés para formar consorcios, pero no se identifica un actor LATAM concreto ni fecha de cierre en el extracto.",https://www.h2020.md/en/call-h2020-sc1-phe-coronavirus-2020-2-second-call-expression-interest-innovative-and-rapid-health,busqueda socios Horizon salud COVID-19,EU,INV_AMP,nuevo,revisar,2,,web_brave_dolor_en,False,agencia
2026-06-23,web,,Find partners or apply as individual - H2020 Online Manual,Portal genérico de búsqueda de socios para Horizon 2020 sin actor concreto ni llamada publicada (dominio de matchmaking Horizon).,https://ec.europa.eu/research/participants/docs/h2020-funding-guide/grants/applying-for-funding/find-partners_en.htm,busqueda de socios Horizon 2020,EU,INV_AMP,nuevo,revisar,2,,web_brave_dolor_en,False,otro
2026-06-23,web,,Horizon Europe | The EU Research & Innovation Programme,Portal genérico de Horizon Europe sin caso concreto de búsqueda de socio ni llamada publicada.,https://horizoneurope.ie/,busqueda de socios Horizon genérica,EU,INV_AMP,nuevo,revisar,2,,web_brave_dolor_en,False,agencia
2026-06-23,web,,1 | P a g e Table of contents,documento genérico de convocatoria Horizon sin caso concreto de socio LATAM o demanda de colaboración específica,https://www.horizon-europe.gouv.fr/sites/default/files/2023-04/calls-for-proposals-2023-2-pdf-8672.pdf,busqueda de socios Horizon genérica,EU,INV_AMP,nuevo,revisar,2,,web_brave_dolor_en,False,otro
2026-06-23,web,,Work as an expert | EU Funding & Tenders Portal,"Portal genérico de Horizon sin caso concreto de partner ni call específica, no es un prospecto de colaboración directo.",https://ec.europa.eu/info/funding-tenders/opportunities/portal/screen/work-as-an-expert,Oportunidad para convertirse en experto evaluador Horizon,EU,INV_AMP,nuevo,revisar,2,,web_brave_dolor_en,False,otro
2026-06-23,web,,"Between openness and strategic opportunity, why is international cooperation essential to Horizon Europe? - Euronovia Conseil",contenido genérico de consultora sin solicitud concreta de socios ni convocatoria activa,https://euronovia.eu/en/between-openness-and-strategic-oppotunity-why-is-international-cooperation-essential-to-horizon-europe/,cooperación internacional Horizon Europe,EU,INV_AMP,nuevo,revisar,2,,web_brave_dolor_en,False,consultor
2026-06-23,ncp,,ERC Proposal Reading Days 2026,Dominio Horizon generico (lectura de propuestas ERC) sin busqueda de partner para consorcio ni convocatoria concreta; no hay fecha de cierre de call ni indicio de necesidad de colaboracion.,https://www.horizonteeuropa.es/erc-proposal-reading-days-2026,ERC Proposal Reading Days 2026 - lector/a,ES,INV_AMP,nuevo,revisar,2,,ncp_espana_horizonte,False,investigador
2026-06-23,ncp,,El Consejo Europeo de Innovación abre financiación a tecnologías de defensa y doble uso ya en 2026,Publicación sobre la apertura de financiación y una convocatoria específica del EIC para tecnologías de defensa y uso dual; no se identifica un actor LATAM concreto que busque socios ni una solicitud de partnership específica.,https://www.horizonteeuropa.es/el-consejo-europeo-de-innovacion-abre-financiacion-tecnologias-de-defensa-y-doble-uso-ya-en-2026,defensa y uso dual Horizon Europe - EIC,EU,INV_AMP,nuevo,revisar,2,,ncp_espana_horizonte,False,agencia
2026-06-23,ncp,,Actualización de los borradores de los topics de la Convocatoria 13 de IHI,PORTAL GENERICO Horizon - noticia informativa sin caso concreto de partnership,https://www.horizonteeuropa.es/actualizacion-de-los-borradores-de-los-topics-de-la-convocatoria-13-de-ihi,Actualización de topics Horizon IHI Convocatoria 13,ES,INV_AMP,nuevo,revisar,2,,ncp_espana_horizonte,False,otro
2026-06-23,ncp,,Reserva la fecha: Networking & Matchmaking on HE Clean Industrial Deal Calls,Agencia europea organiza un evento de matchmaking para futuras convocatorias HE Clean Industrial Deal; no hay solicitud de socio para una call concreta.,https://www.horizonteeuropa.es/reserva-la-fecha-networking-matchmaking-he-clean-industrial-deal-calls,busqueda socios Horizon Clean Industrial Deal,EU,INV_AMP,nuevo,revisar,2,,ncp_espana_horizonte,False,agencia
2026-06-23,ncp,,Convocatoria de buenas prácticas para el acceso de usuarios industriales a Infraestructuras de Investigación y Tecnológicas (RTIs),"ANUNCIO institucional Europeo; no hay un actor concreto ni una call activa para partner, por lo que no es un prospecto claro.",https://www.horizonteeuropa.es/convocatoria-de-buenas-practicas-para-el-acceso-de-usuarios-industriales-infraestructuras-de,acceso industrial a infraestructuras RTIs,ES,INV_AMP,nuevo,revisar,2,,ncp_espana_horizonte,False,agencia
2026-06-23,ncp,,Disponibles las presentaciones de la Jornada informativa nacional sobre el Programa de Cooperación Europea en Ciencia y Tecnología “COST”,información institucional sobre COST y Horizon Europe; no se identifica una solicitud de socios concreta,https://www.horizonteeuropa.es/disponibles-las-presentaciones-de-la-jornada-informativa-nacional-sobre-el-programa-de-0,COST en Horizon Europe - jornada informativa,ES,INV_AMP,nuevo,revisar,2,,ncp_espana_horizonte,False,agencia
2026-06-23,ncp,,Apertura de la convocatoria ERC Advanced Grant 2026 y webinar de apoyo,portal genérico de convocatoria Horizon Europe sin un actor LATAM concreto buscando partner,https://www.horizonteeuropa.es/apertura-de-la-convocatoria-erc-advanced-grant-2026-y-webinar-de-apoyo,ERC Advanced Grant 2026 – apertura y webinar,ES,INV_AMP,nuevo,revisar,2,,ncp_espana_horizonte,False,agencia
2026-06-23,ncp,,Descripción,Portal de convocatorias de una agencia colombiana sin caso concreto de búsqueda de partner Horizon,https://minciencias.gov.co/convocatorias/todas?order=body&sort=asc,convocatorias MINCiencias Colombia,CO,INV_AMP,nuevo,revisar,2,,ncp_colombia_minciencias,False,agencia
2026-06-23,ncp,,Fecha de Apertura,fuera de dominio Synergium: anuncio de política pública sin demanda concreta de socios Horizon ni convocatoria en curso,https://minciencias.gov.co/convocatorias/todas?order=field_fecha_de_apertura&sort=asc,Pactos por la innovación - estrategia de inversión en I+D,CO,INV_AMP,nuevo,revisar,2,,ncp_colombia_minciencias,False,agencia
2026-06-23,ncp,,"CONVOCATORIA DE LA ASIGNACIÓN PARA LA CIENCIA, TECNOLOGÍA E INNOVACIÓN DEL SISTEMA GENERAL DE REGALÍAS (SGR) PARA PROVEER SOLUCIONES DE CIENCIA, TECNOLOGÍA E INNOVACIÓN PARA EL APROVECHAMIENTO SOSTENIBLE DE LA BIODIVERSIDAD, LA PRODUCTIVIDAD Y EL FORTALEC",fuente de convocatoria gubernamental anunciando futuras convocatorias; no es un prospecto concreto de búsqueda de socios para una Horizon call,https://minciencias.gov.co/node/9531,convocatoria nacional bioeconomía biodiversidad CO,CO,INV_AMP,nuevo,revisar,2,,ncp_colombia_minciencias,False,agencia
2026-06-23,ncp,,Concurso Movilidad Académica Internacional en el Continente Africano,"Agencia colombiana publica convocatoria de movilidad africana cerrada; no hay solicitud de socio Horizon ni actor concreto buscando partnership, por lo que es info de alcance general.",https://minciencias.gov.co/node/9339,Movilidad académica internacional África (Orquídeas),CO,INV_AMP,nuevo,revisar,2,,ncp_colombia_minciencias,False,agencia
2026-06-23,ncp,,CONVOCATORIA COLOMBIA INTELIGENTE 2026,ANUNCIO de convocatoria nacional anunciando financiamiento futuro para IA cuántica y tecnologías cuánticas; no se especifica una búsqueda de socios Horizon concreta.,https://minciencias.gov.co/node/9326,convocatoria Colombia Inteligente 2026,CO,INV_AMP,nuevo,revisar,2,,ncp_colombia_minciencias,False,agencia
2026-06-23,ncp,,Convocatoria de “Becas para El Cambio” Formación en Maestrías y Doctorados,fuera de dominio - convocatoria educativa nacional sin búsqueda de socio Horizon,https://minciencias.gov.co/node/9325,Becas para Maestría y Doctorado en Colombia (2026),CO,INV_AMP,nuevo,revisar,2,,ncp_colombia_minciencias,False,agencia
2026-06-23,ncp,,siguiente ›,"portal genérico de convocatorias y listado de ministerios, sin caso concreto de búsqueda de socio ni call Horizon activa",https://minciencias.gov.co/convocatorias/todas?page=1,portal genérico de convocatorias científico-tecnológicas,CO,INV_AMP,nuevo,revisar,2,,ncp_colombia_minciencias,False,agencia
2026-06-23,ncp,,última »,ANUNCIO GUBERNAMENTAL reciente buscando identificar proyectos con potencial de patente en instituciones colombianas; no es una búsqueda de partners Horizon ni un call abierto concreto.,https://minciencias.gov.co/convocatorias/todas?page=116,Patentes: identificación de proyectos con potencial de protección,CO,INV_AMP,nuevo,revisar,2,,ncp_colombia_minciencias,False,agencia
2026-06-23,ncp,,FORTH/ICE-HT,INFO insuficiente: no hay fecha de publicación ni detalle de llamada o partner search en el extracto; perfil genérico de Euraxess.,https://euraxess.ec.europa.eu/partnering/organisations/profile/forth/ice-ht-0,perfil de socio EURAXESS FORTH/ICE-HT,EU,INV_AMP,nuevo,revisar,2,,euraxess_funding_offers,False,otro
2026-06-23,ncp,,PhD Fellowship “Simulation-guided optimization of polymer solutions for effective electrospinning of energy-harvesting TENG materials”,anuncio de PhD fellowship en EDF sin solicitud de socio Horizon explícita ni fecha de cierre de consorcio,https://euraxess.ec.europa.eu/jobs/funding/phd-fellowship-simulation-guided-optimization-polymer-solutions-effective,colaboracion en energia/materiales (EDF) - PhD fellowship,EU,INV_AMP,nuevo,revisar,2,,euraxess_funding_offers,False,otro
2026-06-23,ncp,,Ecole Polytechnique Federale de Lausanne - EPFL,Portal generico de busqueda de socios sin caso concreto ni fecha de convocatoria,https://euraxess.ec.europa.eu/partnering/organisations/profile/ecole-polytechnique-federale-de-lausanne-epfl-8,perfil institucional para busqueda de socios Horizon (generico),EU,INV_AMP,nuevo,revisar,2,,euraxess_funding_offers,False,otro
2026-06-23,ncp,,CYD Fellowships – A Talent Program for Cyber Defence Research (14th call),Convocatoria internacional visible (CYD Fellowships) para investigación en ciberseguridad; no hay indicio de búsqueda de socio LATAM ni de consorcio Horizon concreto,https://euraxess.ec.europa.eu/jobs/funding/cyd-fellowships-talent-program-cyber-defence-research-14th-call,CYD Fellowships – Cyber Defence Research (14th call) en Suiza,EU,INV_AMP,nuevo,revisar,2,,euraxess_funding_offers,False,otro
2026-06-23,ncp,,Scientify Research Solutions AB,PORTAL GENERICO SIN CASO CONCRETO NI convocatoria Horizon especifica,https://euraxess.ec.europa.eu/partnering/organisations/profile/scientify-research-solutions-ab,busqueda de socios Horizon (portal genérico),EU,INV_AMP,nuevo,revisar,2,,euraxess_funding_offers,False,empresa
2026-06-23,ncp,,BI_CIDMA_LtPICS-2026C,Actor institucional concreto (CIDMA) anuncia una beca de investigación; no hay demanda explícita de partners para una convocatoria Horizon ni búsqueda de socios LATAM.,https://euraxess.ec.europa.eu/jobs/funding/bicidmaltpics-2026c,Inverse problems in health science - CIDMA (Portugal),EU,INV_AMP,nuevo,revisar,2,,euraxess_funding_offers,False,otro
2026-06-23,ncp,,"The Rhodes Scholarships for India (all disciplines | Oxford, UK)",AGENCIA anunciando convocatoria de becas futura sin búsqueda de partner concreto (no hay búsqueda Horizon específica).,https://euraxess.ec.europa.eu/jobs/funding/rhodes-scholarships-india-all-disciplines-oxford-uk,becas Rhodes para India (India-UK),desconocido,INV_AMP,nuevo,revisar,2,,euraxess_funding_offers,False,agencia
2026-06-23,ncp,,Visiting professor (3–12kk) | Visiting professor (6–12 months) (medicine | worldwide to Finland),Fondo europeo para movilidad de investigadores en medicina a Finlandia; no hay una solicitud concreta de partner Horizon ni consorcio en formación y la fecha de publicación no está disponible.,https://euraxess.ec.europa.eu/jobs/funding/visiting-professor-3-12kk-visiting-professor-6-12-months-medicine-worldwide-finland,movilidad de investigadores en medicina a Finlandia (visiting professor),EU,INV_AMP,nuevo,revisar,2,,euraxess_funding_offers,False,agencia
2026-06-23,ncp,,Nokia Foundation Visiting Professor (information and communications technologies | worldwide to Finland),No hay demanda de socio Horizon ni actor LATAM concreto; es una convocatoria de movilidad/financiamiento genérica de una fundación europea,https://euraxess.ec.europa.eu/jobs/funding/nokia-foundation-visiting-professor-information-and-communications-technologies,Oportunidad de visiting professor ICT - Nokia Foundation (Finland),EU,INV_AMP,nuevo,revisar,2,,euraxess_funding_offers,False,agencia
2026-06-23,ncp,,MUNSTER TECHNOLOGICAL UNIVERSITY,perfil institucional europeo sin caso concreto ni convocatoria Horizon específica; sin fecha de publicación ni fecha de cierre,https://euraxess.ec.europa.eu/partnering/organisations/profile/munster-technological-university-0,busqueda de socios Horizon generica,EU,INV_AMP,nuevo,revisar,2,,euraxess_funding_offers,False,otro
2026-06-23,ncp,,PhD Scholarship -  In Vitro Vein - Munster Technological University - Department of Biological and Pharmaceutical Sciences,ANUNCIO académico de PhD sin call Horizon explícita ni fecha de publicación verificable; no se identifica un partner buscando un consorcio concreto ni fecha de cierre.,https://euraxess.ec.europa.eu/jobs/funding/phd-scholarship-vitro-vein-munster-technological-university-department-biological-and,busqueda de socio para PhD en modelo in vitro vascular con InVera Medical (MTU),EU,INV_AMP,nuevo,revisar,2,,euraxess_funding_offers,False,investigador
2026-06-23,ncp,,"Master's and PhD Programmes for International Students at Karadeniz Technical University (KTU), Türkiye",Portal educativo/hosting sin llamada de socios Horizon ni requerimiento de partner concreto,https://euraxess.ec.europa.eu/jobs/hosting/masters-and-phd-programmes-international-students-karadeniz-technical-university-ktu,Programas de posgrado internacionales (masters y PhD) en Turquía,desconocido,INV_AMP,nuevo,revisar,2,,euraxess_hosting_offers,False,otro
2026-06-23,ncp,,Achucarro Basque Center for Neuroscience,"Dominio neurociencias dentro de salud (neuro), perfil institucional europeo sin llamada publicada ni fecha de cierre visible.",https://euraxess.ec.europa.eu/partnering/organisations/profile/achucarro-basque-center-neuroscience,busqueda socios Horizon en neurociencias,EU,INV_AMP,nuevo,revisar,2,,euraxess_hosting_offers,False,otro
2026-06-23,ncp,,Horizon Europe - MSCA,PORTAL GENÉRICO de búsqueda de socios Horizon/MSCA sin caso concreto ni llamada específica (no hay actor LATAM definido).,https://euraxess.ec.europa.eu/jobs/search?f%5B0%5D=job_is_eu_founded%3A4348,busqueda socios Horizon MSCA (portal genérico),EU,INV_AMP,nuevo,revisar,2,,euraxess_hosting_offers,False,otro
2026-06-23,ncp,,Universitat Oberta de Catalunya,perfil institucional sin caso concreto de convocatoria ni fecha de publicación; no hay demanda explícita de partner,https://euraxess.ec.europa.eu/partnering/organisations/profile/universitat-oberta-de-catalunya,busqueda de socios Horizon,EU,INV_AMP,nuevo,revisar,2,,euraxess_hosting_offers,False,otro
2026-06-23,ncp,,Hosting MSCA-2026-PF. CircleLab- AI/VR,Actor concreto (UOC) ofrece hosting para MSCA Postdoctoral Fellowship 2026 en IA/VR para salud mental; no se verifica fecha de publicación en el extracto,https://euraxess.ec.europa.eu/jobs/hosting/hosting-msca-2026-pf-circlelab-ai/vr,hosting MSCA Postdoctoral Fellowship CircleLab AI/VR,ES,INV_AMP,nuevo,revisar,2,,euraxess_hosting_offers,False,otro
2026-06-23,ncp,,CNRS Alsace,Perfil institucional europeo sin llamada de consorcio concreta ni fecha de cierre; no hay demanda explícita de partner,https://euraxess.ec.europa.eu/partnering/organisations/profile/cnrs-alsace-0,busqueda socios Horizon - CNRS Alsace,EU,INV_AMP,nuevo,revisar,2,,euraxess_hosting_offers,False,otro
2026-06-23,ncp,,"MSCA Postdoctoral Fellowship – Material Science Institute of Mulhouse, France – Inorganic Chemistry – porous materials development",Laboratorio europeo concreto buscando candidato para MSCA Postdoctoral Fellowship; dominio en materiales y química compatible con Horizon.,https://euraxess.ec.europa.eu/jobs/hosting/msca-postdoctoral-fellowship-material-science-institute-mulhouse-france-inorganic,MSCA postdoctoral fellowship - host en Mulhouse (IS2M CNRS),EU,INV_AMP,nuevo,revisar,2,,euraxess_hosting_offers,False,otro
2026-06-23,ncp,,Institute of Biomedicine of Seville (IBiS),Portal genérico de búsqueda de socios para Horizon sin caso concreto ni convocatoria abierta.,https://euraxess.ec.europa.eu/partnering/organisations/profile/institute-biomedicine-seville-ibis,busqueda socios Horizon genérico (IBiS),EU,INV_AMP,nuevo,revisar,2,,euraxess_hosting_offers,False,otro
2026-06-23,ncp,,Marie Curie Post Doc position in Institute of Biomedicine of Seville (IBiS) Expression of Interest for Hosting a Marie Curie Postdoctoral Fellowship.,"Actor europeo concreto (IBiS, Seville) solicita hosting para una MSCA Postdoctoral Fellowship; no hay fecha de publicación visible ni menciona búsqueda de socios LATAM explícita.",https://euraxess.ec.europa.eu/jobs/hosting/marie-curie-post-doc-position-institute-biomedicine-seville-ibis-expression-interest,hosting Marie Curie postdoc (MSCA) en IBiS-Sevilla,ES,INV_AMP,nuevo,revisar,2,,euraxess_hosting_offers,False,otro
2026-06-23,ncp,,Università di Ferrara,Perfil institucional genérico (Università di Ferrara) sin caso concreto de llamada o partner buscado; portal de matching Horizon sin solicitud específica.,https://euraxess.ec.europa.eu/partnering/organisations/profile/universita-di-ferrara,busqueda socios Horizon generica,EU,INV_AMP,nuevo,revisar,2,,euraxess_hosting_offers,False,investigador
2026-06-23,ncp,,Marie Sklodowska-Curie Actions (MSCA) Postdoctoral Fellowship development of light-mediated synthesis of glycosyl conjugates,Actor europeo concreto (Università di Ferrara) busca expresiones de interés para una MSCA Postdoctoral Fellowship y colaboración para redactar una propuesta; convocatoria activa y no caducada,https://euraxess.ec.europa.eu/jobs/hosting/marie-sklodowska-curie-actions-msca-postdoctoral-fellowship-development-light-mediated,MSCA PF - síntesis lumínica de conjugados glucósidos,EU,INV_AMP,nuevo,revisar,2,,euraxess_hosting_offers,False,investigador
2026-06-23,ncp,,University of Padova,Perfil institucional europeo (Universidad de Padova) sin anuncio de call ni demanda de socio concreto; extracto genérico sin fecha de publicación,https://euraxess.ec.europa.eu/partnering/organisations/profile/university-padova-0,perfil institucional Horizon genérico (sin caso concreto),EU,INV_AMP,nuevo,revisar,2,,euraxess_hosting_offers,False,otro
2026-06-23,ncp,,Marie Skłodowska Curie Actions – Postdoctoral Fellowships 2026 at the University of Padua,"Universidad de Padova publica una convocatoria Horizon MSCA PF 2026; no hay indicios de búsqueda de socios LATAM concretos y no hay fecha de publicación verificada en el extracto, aunque la convocatoria cierra el 9 de septiembre de 2026.",https://euraxess.ec.europa.eu/jobs/hosting/marie-sklodowska-curie-actions-postdoctoral-fellowships-2026-university-padua,MSCA Postdoctoral Fellowships 2026 - University of Padova host,EU,INV_AMP,nuevo,revisar,2,,euraxess_hosting_offers,False,otro
2026-06-23,ncp,,University of Coimbra,portal genérico de búsqueda de socios sin caso concreto,https://euraxess.ec.europa.eu/partnering/organisations/profile/university-coimbra-0,busqueda socios Horizon genérica,EU,INV_AMP,nuevo,revisar,2,,euraxess_hosting_offers,False,otro
2026-06-23,ncp,,MSCA Postdoctoral Fellowship - Colorectal cancer survivorship,Universidad de Coimbra invita a candidatos a desarrollar una MSCA Postdoctoral Fellowship; no se identifica una llamada concreta para socio ni fecha de publicación verificada.,https://euraxess.ec.europa.eu/jobs/hosting/msca-postdoctoral-fellowship-colorectal-cancer-survivorship,MSCA PF Colorectal cancer survivorship,EU,INV_AMP,nuevo,revisar,2,,euraxess_hosting_offers,False,otro
2026-06-23,ncp,,Hosting MSCA-2026-PF. Learning - teaching online,Actor europeo concreto (Universitat Oberta de Catalunya) solicita co-desarrollo de una propuesta MSCA Postdoctoral Fellowships 2026; convocatoria vigente con deadline 2026-09-09; fecha de publicación no verificable en el extracto.,https://euraxess.ec.europa.eu/jobs/hosting/hosting-msca-2026-pf-learning-teaching-online,busqueda Horizon MSCA PD 2026,ES,INV_AMP,nuevo,revisar,2,,euraxess_hosting_offers,False,otro
2026-06-23,web,,Empowering Communities for River Resilience - HORIZON-CL6-2025-02-CLIMATE-01-two-stage: | Horizon Europe Online Matchmaking for Cluster 6 - Calls 2025,Portal genérico de búsqueda de socios para Horizon; actor no identificable ni fecha de publicación verificable.,https://b2match.com/e/care4bio-2025/opportunities/UGFydGljaXBhdGlvbk9wcG9ydHVuaXR5OjE1NzAzMQ==,busqueda Horizon CL6-2025-02 CLIMATE - river resilience,EU,INV_AMP,nuevo,revisar,2,,web_brave_b2match_partners,False,otro
2026-06-23,web,,Emoda | Partnerships for Horizon Europe: ideas for Smart Communities projects - 7th edition,"Actor concreto (Emoda, SME turca) busca socios para una convocatoria Horizon Europe específica (MISS-2025-06-CIT-CANCER-01) centrada en movilidad activa y prevención del cáncer; no se verifica fecha de publicación.",https://www.b2match.com/e/partnerships-for-horizon-europe-7edition/participations/520709,busqueda de socios Horizon MISS-2025-06-CIT-CANCER-01,desconocido,INV_AMP,nuevo,revisar,2,,web_brave_b2match_partners,False,empresa
2026-06-23,web,,BFConsult | Horizon Europe Online Matchmaking for Cluster 6 - Calls 2025,"BFConsult ofrece matchmaking Horizon Europe (Cluster 6), servicio equivalente al nuestro, por lo que es un competidor directo con alcance europeo.",https://www.b2match.com/e/care4bio-2025/participations/508714,busqueda socios Horizon Cluster 6 calls 2025,EU,INV_AMP,nuevo,revisar,2,,web_brave_b2match_partners,True,empresa
2026-06-23,web,,EuroVértice | Horizon Europe Online Matchmaking for Cluster 6 - Calls 2025,Actor europeo concreto (consultora) busca formar consorcio Horizon CL6 para Circular Water Management in Agriculture.,https://www.b2match.com/e/care4bio-2025/participations/497150,busqueda de socios Horizon CL6 Circular Water Management in Agriculture,ES,INV_AMP,nuevo,revisar,2,,web_brave_b2match_partners,True,consultor
2026-06-23,web,,KMOP Education and Innovation Hub | Horizon Europe Online Matchmaking for Cluster 6 - Calls 2025,"COMPETITOR - la organización ofrece servicio de matchmaking para Horizon (broker/matchmaking), no representa un pedido de socio LATAM para Synergium.",https://www.b2match.com/e/care4bio-2025/participations/503374,busqueda de socios Horizon Cluster 6 - educación y sostenibilidad,EU,INV_AMP,nuevo,revisar,2,,web_brave_b2match_partners,True,otro
2026-06-23,web,,Home | CLUSTER Health Horizon Europe Brokerage Event 2026,Brokerage event específico para Horizon Europe Health 2026 buscando construir consorcios; ofrece oportunidad de conectar con socios europeos y globales para las llamadas 2026-2027.,https://www.b2match.com/e/cluster-health-horizon-europe-brokerage-2026,busqueda de partners Horizon Health Cluster 2026,EU,INV_AMP,nuevo,revisar,2,,web_brave_b2match_partners,False,otro
2026-06-23,web,,Home | Cluster 3 Infoday and Brokerage Event 2025,Encaje genérico de Horizon (Cluster 3) con evento de matchmaking; no hay un actor LATAM concreto ni una call específica publicada; no se identifica fecha de publicación verificable.,https://www.b2match.com/e/cluster3-infoday-brokerage-event-2025,busqueda socios Horizon Cluster 3,EU,INV_AMP,nuevo,revisar,2,,web_brave_b2match_partners,False,agencia
2026-06-23,web,,D.med Software | CLUSTER Health Horizon Europe Brokerage Event 2026,"Empresa española (D.med Software) busca socios/coordinador para consorcio Horizon HLTH-2026 enfocado en desarrollo de software para dispositivos médicos y cumplimiento regulatorio, a través de Brokerage Event.",https://www.b2match.com/e/cluster-health-horizon-europe-brokerage-2026/participations/660907,busqueda socios Horizon HLTH-2026 - D.med Software,ES,INV_AMP,nuevo,revisar,2,,web_brave_b2match_partners,False,empresa
2026-06-23,web,,Home | GREENET Brokerage Event for HE CL5 2026 calls,portal genérico de matchmaking Horizon CL5 sin caso concreto ni llamada específica,https://www.b2match.com/e/greenet-brokerage-event-2026,busqueda socios Horizon CL5,EU,INV_AMP,nuevo,revisar,2,,web_brave_b2match_partners,False,otro
2026-06-23,web,,Agencia Nacional de Inovação (ANI) | Horizon Europe Online Matchmaking for Cluster 6 - Calls 2025,Agencia de innovación anunciando matchmaking para Horizon Europe 2025; no es un actor LATAM concreto buscando un socio.,https://www.b2match.com/e/care4bio-2025/participations/488830,busqueda de socios Horizon Europe 2025,EU,INV_AMP,nuevo,revisar,2,,web_brave_b2match_partners,False,agencia
2026-06-23,web,,Home | Energy Matchmaking Event for Horizon Europe Cluster 5 upcoming calls,Portal genérico de matchmaking Horizon sin actor LATAM concreto ni call específica,https://www.b2match.com/e/energy-matchmaking-event-for-horizon,busqueda socios Horizon Energy Cluster 5,EU,INV_AMP,nuevo,revisar,2,,web_brave_b2match_partners,False,otro
2026-06-23,web,,Expert support for consortium building & Horizon Europe proposal development | Horizon Europe Missions Brokerage Event 2026,Proveedor de broker/matchmaking para Horizon Europe; no es un prospecto LATAM sino competencia directa.,https://www.b2match.com/e/missions-horizon-europe-brokerage-2026/opportunities/UGFydGljaXBhdGlvbk9wcG9ydHVuaXR5OjIxNDcwOA==,busqueda de socios Horizon Europe Health - servicio de matchmaking,EU,INV_AMP,nuevo,revisar,2,,web_brave_b2match_partners,True,consultor
2026-06-23,web,,HOME | Horizon Europe on-site Matchmaking for Cluster 6 - Calls 2026,Portal genérico de búsqueda de socios Horizon Europe Cluster 6; no hay un actor concreto ni una convocatoria específica solicitada,https://www.b2match.com/e/care4bio-2026,busqueda socios Horizon Cluster 6 Calls 2026 (portal genérico),desconocido,INV_AMP,nuevo,revisar,2,,web_brave_b2match_partners,False,otro
2026-06-23,web,,Home | Horizon Europe Missions Brokerage Event 2026,"Evento de matchmaking europeo para las misiones Horizon Europe 2026 sin un call concreto ni socio específico buscado, por lo que representa un prospecto genérico de bajo impacto.",https://www.b2match.com/e/missions-horizon-europe-brokerage-2026,busqueda de socios Horizon Europe Missions 2026,EU,INV_AMP,nuevo,revisar,2,,web_brave_b2match_partners,False,otro
2026-06-23,web,,Calls for tender - Environment - European Commission,Portal genérico de convocatorias de la UE para licitaciones en entorno medio ambiente; no es una búsqueda de socio concreta para Horizon,https://environment.ec.europa.eu/funding/calls-tender_en,Llamadas de licitación EC - medio ambiente,EU,INV_AMP,nuevo,revisar,2,,web_brave_eu_ft_partners,False,otro
2026-06-23,web,,Working as an Expert - Online Manual - Funding Tenders Opportunities,el extracto describe una guía general para expertos externos sin un actor concreto ni una call abierta de consorcio,https://webgate.ec.europa.eu/funding-tenders-opportunities/spaces/OM/pages/1867826/Working+as+an+Expert,Oportunidad de Expert externo para evaluación de proyectos UE/Horizon,EU,INV_AMP,nuevo,revisar,2,,web_brave_eu_ft_partners,False,consultor
2026-06-23,web,,Partner search guide | NCP Portal Management | Horizon Europe NCP Portal,"DOCUMENTO guía general de búsqueda de socios Horizon, no representa un prospecto concreto buscando partners.",https://horizoneuropencpportal.eu/store/partner-search-guide,busqueda socios Horizon genérica,EU,INV_AMP,nuevo,revisar,2,,web_brave_eu_ft_partners,False,otro
2026-06-23,web,,Partner search | Ideal-ist,"PORTAL GENERICO de búsqueda de socios Horizon sin caso concreto, no hay un actor identificable ni una call específica",https://www.ideal-ist.eu/partner-search-home,busqueda socios Horizon genérica,EU,INV_AMP,nuevo,revisar,2,,web_brave_eu_ft_partners,False,otro
2026-06-23,web,,Practical Insights into Horizon Europe Partner Search - EMDESK,fuera de dominio - recurso genérico sobre búsqueda de socios Horizon sin caso concreto,https://www.emdesk.com/horizon-2020-horizon-europe-basics-guide/practical-insights-into-horizon-europe-partner-search,busqueda de socios Horizon genérica,EU,INV_AMP,nuevo,revisar,2,,web_brave_eu_ft_partners,False,otro
2026-06-23,web,,Looking for partners – Horizon Europe Office in Ukraine,Portal genérico de búsqueda de socios Horizon Europe sin un caso concreto ni call activa,https://horizon-europe.org.ua/en/participate/looking-for-partners/,busqueda de socios Horizon Europe,desconocido,INV_AMP,nuevo,revisar,2,,web_brave_eu_ft_partners,False,otro
2026-06-23,web,,Looking for partners to prepare a Horizon Europe proposal? | EURAXESS,Portal genérico de búsqueda de socios para Horizon Europe (EURAXESS); no hay un actor LATAM concreto ni convocatoria específica.,https://euraxess.ec.europa.eu/worldwide/asean/news/looking-partners-prepare-horizon-europe-proposal,busqueda de socios Horizon Europe,EU,INV_AMP,nuevo,revisar,2,,web_brave_eu_ft_partners,False,agencia
2026-06-23,web,,Find project partners - The F-CUBED,PORTAL GENERICO de buscador de socios Horizon sin caso concreto,https://stakeholders.f-cubed.eu/find-project-partners,busqueda socios Horizon genérica,desconocido,INV_AMP,nuevo,revisar,2,,web_brave_eu_ft_partners,False,otro
2026-06-23,web,,Partner Search – Horizon Europe Office in Ukraine,Portal genérico de búsqueda de socios Horizon sin caso concreto ni call específica.,https://horizon-europe.org.ua/en/luke/joint-call/partner-search/,busqueda de socios Horizon genérica,desconocido,INV_AMP,nuevo,revisar,2,,web_brave_eu_ft_partners,False,agencia
2026-06-23,web,,Information | Horizon Europe Portal,Portal genérico de búsqueda de socios Horizon Europe sin caso concreto ni fecha de cierre.,https://www.horizontevropa.cz/en/you-might-interested/project-a-to-z/finding-a-call-and-finding-partners/information,busqueda socios Horizon Europe,EU,INV_AMP,nuevo,revisar,2,,web_brave_eu_ft_partners,False,otro
2026-06-23,web,,Partner Search - NCP Brussels,"NCP Brussels ofrece servicios de búsqueda de socios para Horizon Europe, indicando necesidad de encontrar socios europeos/internacionales para consorcios.",https://ncp.brussels/about-us/partner-search/,busqueda socios Horizon Europe,EU,INV_AMP,nuevo,revisar,2,,web_brave_eu_ft_partners,False,agencia
2026-06-23,web,,ERA4HEALTH Partner Search,"Portal genérico de matchmaking para investigación, no hay un actor concreto ni convocatoria específica.",https://era4health.eu/calls/partnersearch.php,busqueda de socios Horizon - plataforma genérica de matchmaking,EU,INV_AMP,nuevo,revisar,2,,web_brave_eu_ft_partners,True,otro
2026-06-23,web,,GREENET Partner Search Tool - Info,Portal genérico de matchmaking Horizon sin caso concreto ni llamada publicada; podría competir con nuestros servicios.,https://greenet-partner-search-tool.b2match.io/,busqueda de socios Horizon genérica,desconocido,INV_AMP,nuevo,revisar,2,,web_brave_eu_ft_partners,True,otro
2026-06-23,web,,Find partners and collaborators for Horizon Europe - Smart Built,portal genérico de búsqueda de socios Horizon sin caso concreto ni convocatoria específica,https://www.smartbuilt.se/in-english/international-cooperation/partners-and-collaborators-for-horizon-europe/,busqueda de socios Horizon Europe (matchmaking genérico),desconocido,INV_AMP,nuevo,revisar,2,,web_brave_eu_ft_partners,False,otro
2026-06-23,web,,Horizon Discovery - a cell engineering company,"actor europeo concreto con perfil de interés en herramientas biotech, pero no hay llamada Horizon ni fecha de convocatoria publicada",https://horizondiscovery.com/en/about-us/horizon-discovery,herramientas y servicios de descubrimiento de fármacos y edición genética,EU,INV_AMP,nuevo,revisar,2,,web_brave_eu_ft_partners,False,empresa
2026-06-23,web,,Horizon Discovery - Wikipedia,información pública sobre una empresa europea de biotecnología sin indicio de call o necesidad de socio concreto,https://en.wikipedia.org/wiki/Horizon_Discovery,perfil empresa Horizon Discovery,EU,INV_AMP,nuevo,revisar,2,,web_brave_eu_ft_partners,False,empresa
2026-06-23,web,,Horizon Discovery and Blueprint Medicines Enter Oncology Research Service Agreement,Anuncio de colaboración entre Horizon Discovery y Blueprint Medicines en oncología; no hay una convocatoria vigente ni interés explícito de partners LATAM.,https://www.horizondiscovery.com/about-us/news/horizon-discovery-and-blueprint-medicines-enter-oncology-research-service-agreement,colaboración en oncología - servicio de investigación,EU,INV_AMP,nuevo,revisar,2,,web_brave_eu_ft_partners,False,empresa
2026-06-23,web,,Our drug discovery science | Cancer Research Horizons,Actor europeo concreto (Cancer Research Horizons) busca alianzas para colaborar en futuros proyectos Horizon en descubrimiento de fármacos oncológicos; no hay fecha de publicación ni cierre de llamada explícita en el extracto.,https://www.cancerresearchhorizons.com/our-translational-science/our-drug-discovery-science,busqueda socios Horizon - cancer drug discovery,EU,INV_AMP,nuevo,revisar,2,,web_brave_eu_ft_partners,False,agencia
2026-06-23,web,,"Horizon Discovery company information, funding & investors | Dealroom.co",Dominio encaje en biotecnología y drug discovery; no hay llamada concreta ni fecha de publicación; no se identifica un actor solicitante concreto.,https://app.dealroom.co/companies/horizon_discovery,"Horizon Discovery / Revvity (biotech, drug discovery)",EU,INV_AMP,nuevo,revisar,2,,web_brave_eu_ft_partners,False,empresa
2026-06-23,web,,Horizon Discovery Genetics & Genomics News | GenomeWeb,"noticia corporativa sobre acuerdos entre Horizon, Sanyou y PerkinElmer; no hay una solicitud de socio o call abierta",https://www.genomeweb.com/companies/horizon-discovery,colaboracion Horizon gene editing,EU,INV_AMP,nuevo,revisar,2,,web_brave_eu_ft_partners,False,empresa
2026-06-23,web,,Horizon Discovery Profile | The Scientist,"Dominio científico relevante (biotech/CRISPR) pero no hay call abierta ni fecha de cierre, prospecto genérico",https://www.the-scientist.com/organization/horizon-discovery,colaboración Horizon Discovery en CRISPR / gene editing,EU,INV_AMP,nuevo,revisar,2,,web_brave_eu_ft_partners,False,empresa
2026-06-23,web,,Horizon Discovery,"La nota describe Horizon Discovery y sus servicios de biotecnología, pero no contiene una solicitud de socio concreto ni una convocatoria activa.",https://www.nature.com/collections/tvhslbxdcw,busqueda de socios Horizon para Horizon Discovery,EU,INV_AMP,nuevo,revisar,2,,web_brave_eu_ft_partners,False,empresa
2026-06-23,web,,"Partner Search Horizon 2020: Food security, sustainable agriculture, forestry and bio-economy | horizon 2020",Portal genérico de búsqueda de socios Horizon 2020 (no hay un actor concreto ni convocatoria específica).,https://www.h2020.md/en/partner-search-horizon-2020-food-security-sustainable-agriculture-forestry-and-bio-economy,"busqueda de socios Horizon 2020 - Food security, sustainable agriculture, forestry and bio-economy",EU,INV_AMP,nuevo,revisar,2,,web_brave_eu_ft_partners,False,agencia
2026-06-23,web,,Horizon Agri Co.,"Dominio de agritech/agroquímica encaja, pero no hay llamada específica ni fecha de publicación para evaluar mayor relevancia.",https://horizon-agri.de/,busqueda de socios Horizon en agricultura/biotecnología vegetal,EU,INV_AMP,nuevo,revisar,2,,web_brave_eu_ft_partners,False,empresa
2026-06-23,web,,"Horizon Europe: Cluster 6 - Food, Bioeconomy, Natural Resources, Agriculture and Environment - Search for Programs - EuroAccess - Fördermittelsuche der EuroVienna EU-consulting & -management GmbH",portal genérico de búsqueda de socios Horizon Europe sin caso concreto ni llamada abierta identificable,https://www.euro-access.eu/en/programs/149/Horizon-Europe-Cluster-6-Food-Bioeconomy-Natural-Resources-Agriculture-and-Environment,busqueda socios Horizon Europe Cluster 6 Food & Bioeconomy,EU,INV_AMP,nuevo,revisar,2,,web_brave_eu_ft_partners,False,agencia
2026-06-23,web,,Agricultural grants - EU Grants Funding,Portal genérico de búsqueda de socios sin caso concreto ni actor identificable,https://eufundingportal.eu/tag/agriculture/,busqueda socios Horizon - agroalimentario (portal genérico),EU,INV_AMP,nuevo,revisar,2,,web_brave_eu_ft_partners,False,otro
2026-06-23,web,,ENRD home page | The European Network for Rural Development (ENRD),Portal genérico de búsqueda de participantes y noticias en agricultura sin un actor LATAM concreto ni una call Horizon específica,https://enrd.ec.europa.eu/news-events/events/horizon-europe-candidate-partnership-agriculture-data_en,Portal ENRD CAP network: convocatorias y eventos de agricultura,EU,INV_AMP,nuevo,revisar,2,,web_brave_eu_ft_partners,False,agencia
2026-06-23,web,,PRIMA (Partnership for Research and Innovation in the Mediterranean Area) | EU Agri-food Platform,"PORTAL GENERICO/INFORMACION GENERAL DEL PROGRAMA PRIMA, sin solicitud concreta de socio para una call",https://transition-pathways.europa.eu/agri-food/programmes/prima-partnership-research-and-innovation-mediterranean-area,PRIMA Horizon Mediterráneo - búsqueda de socios,EU,INV_AMP,nuevo,revisar,2,,web_brave_eu_ft_partners,False,otro
2026-06-23,web,,Boosting agroecology and organic farming at the farm and landscape levels,SEÑAL DEBIL - portal genérico de la UE sin actor concreto ni llamada a consorcio.,https://research-and-innovation.ec.europa.eu/research-area/agriculture-forestry-and-rural-areas/ecological-approaches-and-organic-farming/partnership-agroecology_en,busqueda de socios Horizon Agroecología,EU,INV_AMP,nuevo,revisar,2,,web_brave_eu_ft_partners,False,agencia
2026-06-23,web,,AFN Network+,Sin llamada concreta a socios Horizon ni fecha de cierre visible; oferta relevante para networking agri-food en Europa.,https://www.agrifood4netzero.net/,Agro-food y bioeconomía - oportunidades de colaboración,EU,INV_AMP,nuevo,revisar,2,,web_brave_eu_ft_partners,False,agencia
2026-06-23,web,,"Global Ag Innovation, Investment & Sustainability News & Analysis",portal genérico de noticias sobre innovación agrícola sin un actor concreto ni llamada a socios para una convocatoria específica,https://www.agnavigator.com/,agritech AI/biotech para agricultura,desconocido,INV_AMP,nuevo,revisar,2,,web_brave_eu_ft_partners,False,otro
2026-06-23,web,,Leading agri-based science innovation | AgResearch,"No se identifica una llamada específica ni fecha de publicación reciente; el texto es descripción general de capacidades de la agencia, no un pedido concreto de socios Horizon.",https://www.agresearch.co.nz/,busqueda de socio Horizon en agrobiotecnología y bioeconomía,desconocido,INV_AMP,nuevo,revisar,2,,web_brave_eu_ft_partners,False,agencia
2026-06-23,web,,AI-powered software engineering and digital transformation provider seeking long-term technology partnerships | Enterprise Europe Network,"Actor concreto (empresa europea) solicita partnerships tecnológicos en IA y transformación digital; publicación reciente, pero no especifica una convocatoria Horizon ni una call concreta.",https://een.ec.europa.eu/partnering-opportunities/ai-powered-software-engineering-and-digital-transformation-provider,IA y transformación digital – búsqueda de socios,EU,INV_AMP,nuevo,revisar,2,,web_brave_een_partners_semana,False,empresa
2026-06-23,web,,"Clinical biometrics CRO offering data management, biostatistics, statistical programming and AI-enabled clinical trial support | Enterprise Europe Network","empresa CRO con capacidades en biometrics, data management y AI para ensayos clínicos; no hay mención de call específica ni partner search",https://een.ec.europa.eu/partnering-opportunities/clinical-biometrics-cro-offering-data-management-biostatistics-statistical,clinical biometrics y data management para Horizon,desconocido,INV_AMP,nuevo,revisar,2,,web_brave_een_partners_semana,False,empresa
2026-06-23,web,,"Clinical biometrics CRO offering data management, biostatistics, statistical programming and AI-enabled clinical trial support | Enterprise Europe Network","Activo europeo concreto que ofrece servicios de biometría para ensayos clínicos (gestión de datos, biostatistics y AI) y, con publicación reciente, parece buscar socios Horizon en un marco genérico sin una call específica.",https://een.ec.europa.eu/partnering-opportunities/clinical-biometrics-cro-offering-data-management-biostatistics-statistical,"busqueda de socios Horizon (salud/biometría) - data management, biostatistics y AI en ensayos clínicos",EU,INV_AMP,nuevo,revisar,2,,web_brave_een_partners_semana,False,empresa
2026-06-23,web,,Bulgarian producer of multilayer plastic casings for the food industry is seeking distributors | Enterprise Europe Network,actor concreto (empresa búlgara) busca distribuidores en Europa para envases alimentarios; publicación reciente en Enterprise Europe Network (2026-06-17); no se especifica una Horizon call concreta,https://een.ec.europa.eu/partnering-opportunities/bulgarian-producer-multilayer-plastic-casings-food-industry-seeking,busqueda de distribuidores para envases multilayer de la industria alimentaria,EU,INV_AMP,nuevo,revisar,2,,web_brave_een_partners_semana,False,empresa
2026-06-23,web,,Latvian company offering kerb-integrated EV charging infrastructure with V2G capability and digital energy management platform seeks investors un commercial/ deployment partners | Enterprise Europe Network,"Empresa europea concreta busca inversores y socios para desplegar infraestructura de carga EV con V2G; publicación reciente, pero no especifica convocatoria Horizon ni call abierta.",https://een.ec.europa.eu/partnering-opportunities/latvian-company-offering-kerb-integrated-ev-charging-infrastructure-v2g,busqueda socios inversores y deployment partners EV V2G,EU,INV_AMP,nuevo,revisar,2,,web_brave_een_partners_semana,False,empresa
2026-06-23,web,,AI-powered software engineering and digital transformation provider seeking long-term technology partnerships | Enterprise Europe Network,Proveedor europeo de software busca socios para proyectos Horizon de forma genérica; no se indica una convocatoria específica ni fecha de cierre.,https://een.ec.europa.eu/partnering-opportunities/ai-powered-software-engineering-and-digital-transformation-provider,busqueda de socios Horizon genérico,desconocido,INV_AMP,nuevo,revisar,2,,web_brave_een_partners_semana,False,empresa
2026-06-23,web,,AI-powered software engineering and digital transformation provider seeking long-term technology partnerships | Enterprise Europe Network,Portal genérico de búsqueda de socios Horizon sin caso concreto ni fecha de cierre,https://een.ec.europa.eu/partnering-opportunities/ai-powered-software-engineering-and-digital-transformation-provider,busqueda de socios Horizon - IA y transformación digital,EU,INV_AMP,nuevo,revisar,2,,web_brave_een_partners_semana,False,empresa
2026-06-23,web,,"Clinical biometrics CRO offering data management, biostatistics, statistical programming and AI-enabled clinical trial support | Enterprise Europe Network","Dominio salud/biotech con IA; actor concreto (CRO) ofrece servicios y hay publicación reciente, pero no se especifica una call concreta ni fecha de cierre",https://een.ec.europa.eu/partnering-opportunities/clinical-biometrics-cro-offering-data-management-biostatistics-statistical,busqueda socios Horizon - salud/biotech AI,EU,INV_AMP,nuevo,revisar,2,,web_brave_een_partners_semana,False,empresa
2026-06-23,web,,Manufacturers of rubber products sought for co-development of sustainable and circular devulcanization of waste materials | Enterprise Europe Network,Portal genérico de búsqueda de socios (Enterprise Europe Network) sin actor LATAM concreto ni convocatoria Horizon específica identificada; publicación reciente,https://een.ec.europa.eu/partnering-opportunities/manufacturers-rubber-products-sought-co-development-sustainable-and,busqueda de socios Horizon Europe para co-desarrollo de devulcanización circular de caucho,EU,INV_AMP,nuevo,revisar,2,,web_brave_een_partners_mes,False,empresa
2026-06-23,web,,Partnering opportunities | Enterprise Europe Network,Portal genérico de búsqueda de socios (Enterprise Europe Network) sin un caso concreto ni call Horizon específica; no se identifica dolor real ni necesidad de un partner LATAM concreto.,https://een.ec.europa.eu/partnering-opportunities,busqueda de socios para proyectos Horizon (genérico),EU,INV_AMP,nuevo,revisar,2,,web_brave_een_partners_mes,False,otro
2026-06-23,web,,AI-powered software engineering and digital transformation provider seeking long-term technology partnerships | Enterprise Europe Network,"Actor concreto (empresa europea) solicita partnerships tecnológicos en IA y transformación digital; publicación reciente, pero no especifica una convocatoria Horizon ni una call concreta.",https://een.ec.europa.eu/partnering-opportunities/ai-powered-software-engineering-and-digital-transformation-provider,IA y transformación digital – búsqueda de socios,EU,INV_AMP,nuevo,revisar,2,,web_brave_een_partners_mes,False,empresa
2026-06-23,web,,Partnering opportunities | Enterprise Europe Network,PORTAL GENERICO de búsqueda de socios sin actor concreto ni llamada Horizon específica; anuncio de partnership general.,https://een.ec.europa.eu/partnering-opportunities,busqueda de socios para externalización CRO biometrics,EU,INV_AMP,nuevo,revisar,2,,web_brave_een_partners_mes,False,empresa
2026-06-23,web,,German market research company offers market intelligence and value-chain analysis for innovation or EU-funded projects under commercial or research agreements | Enterprise Europe Network,Proveedor alemán de market intelligence busca socios para consorcios Horizon genéricos y proyectos financiados; publicación reciente.,https://een.ec.europa.eu/partnering-opportunities/german-market-research-company-offers-market-intelligence-and-value-chain,busqueda de socios Horizon genérica para proyectos financiados,EU,INV_AMP,nuevo,revisar,2,,web_brave_een_partners_mes,False,empresa
2026-06-23,web,,Manufacturers of rubber products sought for co-development of sustainable and circular devulcanization of waste materials | Enterprise Europe Network,"Portal de búsqueda de socios con un caso concreto de co-desarrollo para devulcanización circular de desechos de caucho; entrada reciente en Enterprise Europe Network buscando fabricantes para colaborar, sin actor específico identificado.",https://een.ec.europa.eu/partnering-opportunities/manufacturers-rubber-products-sought-co-development-sustainable-and,co-desarrollo de devulcanización circular de desechos de caucho,EU,INV_AMP,nuevo,revisar,2,,web_brave_een_partners_mes,False,otro
2026-06-23,web,,"German medical technology company specialized in innovative spinal implants, precision manufacturing and R&D services is seeking international partners. | Enterprise Europe Network","Empresa alemana de tecnología médica busca distribuidores y socios internacionales para implantes espinales; publicación reciente (05-2026) en EEN, sin mención de convocatoria Horizon ni cierre de fecha.",https://een.ec.europa.eu/partnering-opportunities/german-medical-technology-company-specialized-innovative-spinal-implants,busqueda de distribuidores/socios internacionales para implantes espinales,EU,INV_AMP,nuevo,revisar,2,,web_brave_een_partners_mes,False,empresa
2026-06-23,web,,"German SME offers modular construction kits (puzzle-based systems) for timber houses, frameworks (bridges, halls), and folded structures (domes) using sustainable materials, seeking international partners for production, R&D, licensing, and investment. | Enterprise Europe Network","Empresa alemana busca socios internacionales para producción, I+D, marketing y financiación; prospecto reciente (2026-05-26) en búsqueda de alianzas de fabricación y licencias.",https://een.ec.europa.eu/partnering-opportunities/german-sme-offers-modular-construction-kits-puzzle-based-systems-timber,busqueda de socios para desarrollo y producción de kits de construcción modulares sostenibles,EU,INV_AMP,nuevo,revisar,2,,web_brave_een_partners_mes,False,empresa
2026-06-23,web,,"Slovenian technology company specialised in the development and implementation of digital twins, predictive maintenance, asset control, production planning, logistics optimisation is offering systems solutions to industrial partners. | Enterprise Europe Network","Dominio encajante (gemelos digitales, IA, simulación) y actor europeo concreto; publicación reciente; no se especifica una convocatoria Horizon concreta.",https://een.ec.europa.eu/partnering-opportunities/slovenian-technology-company-specialised-development-and-implementation,busqueda de socios Horizon para soluciones de gemelos digitales e IA en manufactura,EU,INV_AMP,nuevo,revisar,2,,web_brave_een_partners_mes,False,empresa
2026-06-23,web,,"AI agent platform for secure business automation, tool integration and customer-facing workflows | Enterprise Europe Network",Portal europeo de Enterprise Europe Network con llamada genérica a socios para IA en automatización y flujos de trabajo; no hay actor LATAM concreto ni call Horizon específica.,https://een.ec.europa.eu/partnering-opportunities/ai-agent-platform-secure-business-automation-tool-integration-and-customer,busqueda de socios Horizon IA para automatización empresarial,EU,INV_AMP,nuevo,revisar,2,,web_brave_een_partners_mes,False,agencia
2026-06-23,web,,"Clinical biometrics CRO offering data management, biostatistics, statistical programming and AI-enabled clinical trial support | Enterprise Europe Network","empresa CRO con capacidades en biometrics, data management y AI para ensayos clínicos; no hay mención de call específica ni partner search",https://een.ec.europa.eu/partnering-opportunities/clinical-biometrics-cro-offering-data-management-biostatistics-statistical,clinical biometrics y data management para Horizon,desconocido,INV_AMP,nuevo,revisar,2,,web_brave_een_partners_mes,False,empresa
2026-06-23,web,,Partnering opportunities | Enterprise Europe Network,PORTAL GENÉRICO de oportunidades de cooperación sin un actor concreto ni llamada vigente,https://een.ec.europa.eu/partnering-opportunities,busqueda de socios Horizon - CRO biometrics,EU,INV_AMP,nuevo,revisar,2,,web_brave_een_partners_mes,False,empresa
2026-06-23,web,,"Clinical biometrics CRO offering data management, biostatistics, statistical programming and AI-enabled clinical trial support | Enterprise Europe Network","Activo europeo concreto que ofrece servicios de biometría para ensayos clínicos (gestión de datos, biostatistics y AI) y, con publicación reciente, parece buscar socios Horizon en un marco genérico sin una call específica.",https://een.ec.europa.eu/partnering-opportunities/clinical-biometrics-cro-offering-data-management-biostatistics-statistical,"busqueda de socios Horizon (salud/biometría) - data management, biostatistics y AI en ensayos clínicos",EU,INV_AMP,nuevo,revisar,2,,web_brave_een_partners_mes,False,empresa
2026-06-23,web,,A Greek company offers a unified artificial intelligence platform for evidence-backed biomedical research and hypothesis generation | Enterprise Europe Network,Actor concreto europeo (compañía griega) ofrece plataforma de IA para acelerar revisión de literatura y generación de hipótesis en biomedicina; no hay una call Horizon específica publicada.,https://een.ec.europa.eu/partnering-opportunities/greek-company-offers-unified-artificial-intelligence-platform-evidence,IA para investigación biomédica y generación de hipótesis,EU,INV_AMP,nuevo,revisar,2,,web_brave_een_partners_mes,False,empresa
2026-06-23,web,,Partnering opportunities | Enterprise Europe Network,PORTAL GENÉRICO de oportunidades de cooperación sin un actor concreto ni llamada vigente,https://een.ec.europa.eu/partnering-opportunities,busqueda de socios Horizon - CRO biometrics,EU,INV_AMP,nuevo,revisar,2,,web_brave_een_partners_mes,False,empresa
2026-06-23,web,,German market research company offers market intelligence and value-chain analysis for innovation or EU-funded projects under commercial or research agreements | Enterprise Europe Network,"Empresa alemana ofrece market intelligence y apoyo a proyectos UE, sin solicitud específica de socio ni convocatoria en curso; no es un prospecto de partner search concreto.",https://een.ec.europa.eu/partnering-opportunities/german-market-research-company-offers-market-intelligence-and-value-chain,apoyo a consorcios Horizon - servicios de mercado y analisis,EU,INV_AMP,nuevo,revisar,2,,web_brave_een_partners_mes,False,empresa
2026-06-23,web,,IoT+AI platform for autonomous water efficiency monitoring and precision irrigation control. | Enterprise Europe Network,"prospecto europeo busca partners comerciales, de distribución o I+D para una plataforma IoT/IA de riego; publicación reciente (25-05-2026) con objetivo de expansión internacional, relevante para Synergium como puente LATAM-Europa en agrotecnología.",https://een.ec.europa.eu/partnering-opportunities/iotai-platform-autonomous-water-efficiency-monitoring-and-precision,busqueda de socios agro-tecnología IoT/IA para riego,EU,INV_AMP,nuevo,revisar,2,,web_brave_een_partners_mes,False,empresa
2026-06-23,web,,Finnish manufacturer of fermented sauce bases and seasoning solutions for the food industry seeks foodservice and industrial partners across Europe | Enterprise Europe Network,"Fabricante finlandés busca socios europeos en el sector agroalimentario para co-desarrollo, suministro o distribución de bases fermentadas y condimentos.",https://een.ec.europa.eu/partnering-opportunities/finnish-manufacturer-fermented-sauce-bases-and-seasoning-solutions-food,busqueda de socios europeos en agroalimentacion para bases fermentadas,EU,INV_AMP,nuevo,revisar,2,,web_brave_een_partners_mes,False,empresa
2026-06-23,web,,Bulgarian producer of multilayer plastic casings for the food industry is seeking distributors | Enterprise Europe Network,actor concreto (empresa búlgara) busca distribuidores en Europa para envases alimentarios; publicación reciente en Enterprise Europe Network (2026-06-17); no se especifica una Horizon call concreta,https://een.ec.europa.eu/partnering-opportunities/bulgarian-producer-multilayer-plastic-casings-food-industry-seeking,busqueda de distribuidores para envases multilayer de la industria alimentaria,EU,INV_AMP,nuevo,revisar,2,,web_brave_een_partners_mes,False,empresa
2026-06-23,web,,HORIZON-CL5-2026-09-D2-01: Lithium-ion battery gigafactory and graphite-producing company sought for a project aimed to develop synthetic graphite and/or alternative carbon-based materials from European bio-based feedstocks for battery components | Enterprise Europe Network,Publicación reciente de un call Horizon solicitando dos socios concretos (una gigafactory y una empresa productora de grafito) para un proyecto; no hay actor LATAM identificado.,https://een.ec.europa.eu/partnering-opportunities/horizon-cl5-2026-09-d2-01-lithium-ion-battery-gigafactory-and-graphite,busqueda de socios Horizon CL5-2026-09-D2-01: gigafactory y empresa productora de grafito,EU,INV_AMP,nuevo,revisar,2,,web_brave_een_partners_mes,False,agencia
2026-06-23,web,,Latvian company offering kerb-integrated EV charging infrastructure with V2G capability and digital energy management platform seeks investors un commercial/ deployment partners | Enterprise Europe Network,"Empresa europea concreta busca inversores y socios para desplegar infraestructura de carga EV con V2G; publicación reciente, pero no especifica convocatoria Horizon ni call abierta.",https://een.ec.europa.eu/partnering-opportunities/latvian-company-offering-kerb-integrated-ev-charging-infrastructure-v2g,busqueda socios inversores y deployment partners EV V2G,EU,INV_AMP,nuevo,revisar,2,,web_brave_een_partners_mes,False,empresa
2026-06-23,web,,HORIZON-CL5-2026-09-D2-01: Lithium-ion battery gigafactory and graphite-producing company sought for a project aimed to develop synthetic graphite and/or alternative carbon-based materials from European bio-based feedstocks for battery components | Enterprise Europe Network,RTO español busca dos socios para consorcio Horizon CL5-2026-09-D2-01 sobre grafito sintético/biobasado para baterías; publicación reciente.,https://een.ec.europa.eu/partnering-opportunities/horizon-cl5-2026-09-d2-01-lithium-ion-battery-gigafactory-and-graphite,busqueda socios Horizon battery grafito gigafactory,ES,INV_AMP,nuevo,revisar,2,,web_brave_een_partners_mes,False,investigador
2026-06-23,web,,AI-powered software engineering and digital transformation provider seeking long-term technology partnerships | Enterprise Europe Network,Proveedor europeo de software busca socios para proyectos Horizon de forma genérica; no se indica una convocatoria específica ni fecha de cierre.,https://een.ec.europa.eu/partnering-opportunities/ai-powered-software-engineering-and-digital-transformation-provider,busqueda de socios Horizon genérico,desconocido,INV_AMP,nuevo,revisar,2,,web_brave_een_partners_mes,False,empresa
2026-06-23,web,,Macedonian software engineering company offers dedicated development teams and digital product development services through outsourcing and commercial agreements | Enterprise Europe Network,PORTAL GENERICO de la red EEN con una empresa de software que ofrece servicios outsourcing; no hay una llamada concreta ni solicitud de partner para Horizon.,https://een.ec.europa.eu/partnering-opportunities/macedonian-software-engineering-company-offers-dedicated-development-teams,busqueda de socios Horizon - servicios de desarrollo de software y ML,EU,INV_AMP,nuevo,revisar,2,,web_brave_een_partners_mes,False,empresa
2026-06-23,web,,AI-powered software engineering and digital transformation provider seeking long-term technology partnerships | Enterprise Europe Network,Portal genérico de búsqueda de socios Horizon sin caso concreto ni fecha de cierre,https://een.ec.europa.eu/partnering-opportunities/ai-powered-software-engineering-and-digital-transformation-provider,busqueda de socios Horizon - IA y transformación digital,EU,INV_AMP,nuevo,revisar,2,,web_brave_een_partners_mes,False,empresa
2026-06-23,web,,Partnering opportunities | Enterprise Europe Network,PORTAL GENERICO DE BUSCADOR DE SOCIOS Horizon sin caso concreto ni llamada vigente; dominio relevante pero sin actor específico,https://een.ec.europa.eu/partnering-opportunities,busqueda de socios Horizon IA/automatización,EU,INV_AMP,nuevo,revisar,2,,web_brave_een_partners_mes,False,otro
2026-06-23,web,,"Clinical biometrics CRO offering data management, biostatistics, statistical programming and AI-enabled clinical trial support | Enterprise Europe Network","Dominio salud/biotech con IA; actor concreto (CRO) ofrece servicios y hay publicación reciente, pero no se especifica una call concreta ni fecha de cierre",https://een.ec.europa.eu/partnering-opportunities/clinical-biometrics-cro-offering-data-management-biostatistics-statistical,busqueda socios Horizon - salud/biotech AI,EU,INV_AMP,nuevo,revisar,2,,web_brave_een_partners_mes,False,empresa
2026-06-23,web,,Macedonian software engineering company offers dedicated development teams and digital product development services through outsourcing and commercial agreements | Enterprise Europe Network,empresa macedonia ofrece servicios de desarrollo de software/IA; no especifica una convocatoria Horizon ni solicita un partner concreto,https://een.ec.europa.eu/partnering-opportunities/macedonian-software-engineering-company-offers-dedicated-development-teams,busqueda socios Horizon - desarrollo de software/IA,EU,INV_AMP,nuevo,revisar,2,,web_brave_een_partners_mes,False,empresa
2026-06-23,cordis,ETHNIKO ASTEROSKOPEIO ATHINON,[e-genesis] Generating Earth iNtelligence for Environmental and Sectoral Impact and Sustainability,OUTREACH LATERAL - Coordinador de proyecto Horizon e-genesis en la UE busca partners LATAM para futuras llamadas y colaboraciones (spin-offs/publicaciones).,https://cordis.europa.eu/project/id/101293990,CORDIS outreach lateral - e-genesis (Earth Intelligence),EU,INV_AMP,nuevo,revisar,2,,cordis_recent_coordinators,False,investigador
2026-06-23,cordis,KOBENHAVNS UNIVERSITET,[NextBON] Next Generation Biodiversity Observation Network,"PROSPECTO CORDIS - proyecto europeo de biodiversidad con alcance tecnológico (genomica, sensores, IA); no hay una llamada concreta publicada buscando socios ahora.",https://cordis.europa.eu/project/id/101287608,busqueda socios Horizon biodiversidad,EU,INV_AMP,nuevo,revisar,2,,cordis_recent_coordinators,False,investigador
2026-06-23,cordis,WAGENINGEN UNIVERSITY,"[BIOLOGUE] UNDERSTANDING BIODIVERSITY PERCEPTIONS FOR INCLUSIVE DIALOGUES AND COMMUNICATION ON BIODIVERSITY, POLICY IMPLEMENTATION AND MANAGEMENT",OUTREACH LATERAL - Coordinador europeo BIOLOGUE busca socios LATAM para futuras llamadas Horizon y proyectos de comunicación sobre biodiversidad,https://cordis.europa.eu/project/id/101287518,OUTREACH LATERAL - BIOLOGUE biodiversidad y comunicación científica,NL,INV_AMP,nuevo,revisar,2,,cordis_recent_coordinators,False,investigador
2026-06-23,cordis,IDENER RESEARCH & DEVELOPMENT AIE,[AURORAI] ADVANCING PANDEMIC PREPAREDNESS AND RESPONSE THROUGH HIGH-QUALITY DATA AND AI,CORDIS project description; no indica búsqueda de partners LATAM ni call abierta para consorcio específico,https://cordis.europa.eu/project/id/101290677,IA y datos para preparación ante pandemias,EU,INV_AMP,nuevo,revisar,2,,cordis_recent_coordinators,False,otro
2026-06-23,cordis,FRAUNHOFER GESELLSCHAFT ZUR FORDERUNG DER ANGEWANDTEN FORSCHUNG EV,[Q-VERSE] Quantum Virtual Ecosystem for a unified Runtime for agnostic Software Engineering,OUTREACH LATERAL - Coordinador europeo en Quantum software y HPC (Q-VERSE) buscando partners LATAM para futuras convocatorias Horizon,https://cordis.europa.eu/project/id/101293734,busqueda partners Horizon Quantum software,EU,INV_AMP,nuevo,revisar,2,,cordis_recent_coordinators,False,investigador
2026-06-23,cordis,NORCE RESEARCH AS,[JOHN] Joint Operations for monitoring antHropogenic and Natural GHG emissions and sinks,CORDIS LISTING - outreach lateral sin demanda de socio para una convocatoria específica; posible oportunidad de colaboración futura en Horizon en el dominio de monitoreo de emisiones,https://cordis.europa.eu/project/id/101295913,OUTREACH LATERAL - coordinador europeo busca socios LATAM para futuras llamadas Horizon (GHG monitoring),EU,INV_AMP,nuevo,revisar,2,,cordis_recent_coordinators,False,investigador
2026-06-23,cordis,TECHNISCHE UNIVERSITAET ILMENAU,"[AETHER] Advanced Thermal Comfort and Energy Management for Personalized, Efficient and Weather-Aware Electric Vehicle Operation",OUTREACH LATERAL - coordinador europeo busca partners LATAM para futuras calls Horizon en gestión de energía y confort en vehículos eléctricos,https://cordis.europa.eu/project/id/101271390,busqueda socios Horizon BEV energy management,EU,INV_AMP,nuevo,revisar,2,,cordis_recent_coordinators,False,investigador
2026-06-23,cordis,STICHTING KONINKLIJK NEDERLANDS LUCHT - EN RUIMTEVAARTCENTRUM,[FUTURE] FACILITIES FOR UNIFIED NEXT-GENERATION WIND TUNNEL TESTING AND RESEARCH IN EUROPE,Coordinado por NLR con 17 socios en 10 países europeos; no hay convocatoria abierta de partner para LATAM en este momento.,https://cordis.europa.eu/project/id/101270147,busqueda de socios Horizon para consorcio en pruebas de túneles de viento,EU,INV_AMP,nuevo,revisar,2,,cordis_recent_coordinators,False,otro
2026-06-23,web,,En Circle K buscamos socios comerciales.,fuera de dominio - anuncio de socios comerciales sin componente técnico-científico,https://es.linkedin.com/posts/circlekmx_en-circle-k-buscamos-socios-comerciales-activity-7166937281080061952-qUHh,busqueda de socios comerciales,desconocido,INV_AMP,nuevo,revisar,1,,web_brave_dolor_es,False,empresa
2026-06-23,web,,Partners | Applivery,fuera de dominio: no corresponde a un pedido de socio para Horizon o un caso científico concreto,https://www.applivery.com/es/partners/,busqueda de socios para programa de partners Applivery,desconocido,INV_AMP,nuevo,revisar,1,,web_brave_dolor_es,False,empresa
2026-06-23,web,,Convocatoria conjunta de propuestas – Programas Temáticos Organizaciones de la Sociedad Civil y Derechos Humanos & Democracia | EEAS,CALL CADUCADA - fecha límite de presentación 24 mayo 2024; anuncio de convocatoria para OSC sin oportunidad de partner actual,https://www.eeas.europa.eu/delegations/honduras/convocatoria-conjunta-de-propuestas-%E2%80%93-programas-tem%C3%A1ticos-organizaciones-de-la-sociedad-civil-y_es,Convocatoria OSC y Derechos Humanos (Programas Temáticos) - Honduras/Europa,EU,INV_AMP,nuevo,revisar,1,,web_brave_dolor_es,False,agencia
2026-06-23,web,,Búsquedas de socios externas | Oficina de Proyecto Europeos,"CALL CADUCADA - deadlines de 2022 para las convocatorias citadas (ej. 27 Septiembre 2022), ya cerradas",https://www.ope-connect.urjc.es/sin-categoria-es/busquedas-de-socios/,busqueda de socios Horizon - consorcios 2022,EU,INV_AMP,nuevo,revisar,1,,web_brave_dolor_es,False,empresa
2026-06-23,web,,Interesados en colaborar pueden llamar al 0971 99 79 71 ...,ANUNCIO GENÉRICO DE COLABORACIÓN EN REDES SOCIALES SIN CASO DE HORIZON CONCRETO NI FECHA DE CIERRE,https://www.facebook.com/SolucionesEcologicasPy/posts/interesados-en-colaborar-pueden-llamar-al-0971-99-79-71-y-hacer-sus-pedidos-cada/2494046844209188/,busqueda socios Horizon genérica,desconocido,INV_AMP,nuevo,revisar,1,,web_brave_dolor_es,False,empresa
2026-06-23,web,,"CDE HOT - Los interesados en colaborar, pueden contactar...",anuncio genérico de colaboración sin convocatoria Horizon específica,https://www.facebook.com/cdehot/posts/los-interesados-en-colaborar-pueden-contactar-con-el-sr-jos%C3%A9-rodriguez-al-0973-6/960553337450496/?locale=es_LA,busqueda de socios Horizon genérica,desconocido,INV_AMP,nuevo,revisar,1,,web_brave_dolor_es,False,otro
2026-06-23,web,,Los interesados en colaborar y trabajar con eldiario.es ...,"fuera de dominio: contenido periodístico, no hay una solicitud de partner ni convocatoria Horizon concreta",https://www.facebook.com/elDiarioes/posts/los-interesados-en-colaborar-y-trabajar-con-eldiarioes-pueden-escribirnos-a-cont/130910393700175/?locale=es_LA,colaboración con medio ElDiario.es,ES,INV_AMP,nuevo,revisar,1,,web_brave_dolor_es,False,otro
2026-06-23,web,,📲Interesados en colaborar: +504 8861-8632 | DJ Napo,fuera de dominio científico y no se identifica una convocatoria o partner concreto,https://www.facebook.com/61564462664046/videos/interesados-en-colaborar-504-8861-8632/1062478779384877/,busqueda de socios Horizon (sin call concreta),desconocido,INV_AMP,nuevo,revisar,1,,web_brave_dolor_es,False,otro
2026-06-23,web,,"Looking for partners for HORIZON-MISS-2025-04-CIT-02 Innovative, AI-based solutions for urban planning and management | EU Missions 1 & 4 - Brokerage event and workshop",PUBLICACION ANTIGUA - 12 meses,https://www.b2match.com/e/eu-missions-brokerage-harmonmissions/opportunities/UGFydGljaXBhdGlvbk9wcG9ydHVuaXR5OjE3MDIwMQ==,busqueda socios Horizon MISS-2025-04-CIT-02,EU,INV_AMP,nuevo,revisar,1,,web_brave_dolor_en,False,otro
2026-06-23,web,,Horizon Europe - Call for Expression of Interest for EU Experts | ÖzÜ TTO | Ozyegin University Technology Transfer Office,PUBLICACION ANTIGUA - 62 meses,https://tto.ozyegin.edu.tr/en/blog/horizon-europe-call-expression-interest-eu-experts,evaluadores Horizon Europe (llamada para expertos de la UE),otro,INV_AMP,nuevo,revisar,1,,web_brave_dolor_en,False,otri
2026-06-23,web,,CALL FOR EXPRESSION OF INTEREST - Horizon Europe ...,PUBLICACION ANTIGUA - 33 meses,https://iris.research.org.cy/file/public/0ab6066c-c8c5-ee11-818e-005056ab00f0,Expresión de interés Horizon Europe / brokerage events,desconocido,INV_AMP,nuevo,revisar,1,,web_brave_dolor_en,False,otro
2026-06-23,web,,Call for Expression of Interest: Progress Towards 2030 Objectives | Research and Innovation,PUBLICACION ANTIGUA - 27 meses,https://projects.research-and-innovation.ec.europa.eu/en/funding/funding-opportunities/funding-programmes-and-open-calls/horizon-europe/eu-missions-horizon-europe/restore-our-ocean-and-waters/call-expression-interest-progress-towards-2030-objectives,Horizon Europe Ocean & Waters - Expression of Interest,EU,INV_AMP,nuevo,revisar,1,,web_brave_dolor_en,False,otro
2026-06-23,web,,How to build a winning consortium for Horizon Europe projects - Future Needs,PUBLICACION ANTIGUA - 11 meses,https://futureneeds.eu/how-to-build-a-winning-consortium-for-horizon-europe-projects/,construcción de consorcio Horizon Europe,EU,INV_AMP,nuevo,revisar,1,,web_brave_dolor_en,False,otro
2026-06-23,web,,r/thegrandtour on Reddit: Some good news and some important awareness reminder from Clarkson,fuera de dominio Synergium; el extracto es de entretenimiento y no expresa interés en socios Horizon o capacidades de investigación,https://www.reddit.com/r/thegrandtour/comments/1ub4te7/some_good_news_and_some_important_awareness/,fuera de dominio - contenido entretenimiento,desconocido,INV_AMP,nuevo,revisar,1,,web_brave_dolor_en,False,otro
2026-06-23,ncp,,Simulacros de entrevista ERC-Synergy Grant 2026,"fuera de dominio: el contenido describe una iniciativa de una agencia para entrenar candidatos, no una búsqueda de socios ni un llamado abierto a consorcios Horizon",https://www.horizonteeuropa.es/simulacros-de-entrevista-erc-synergy-grant-2026,formacion para entrevistas ERC-Synergy 2026,ES,INV_AMP,nuevo,revisar,1,,ncp_espana_horizonte,False,agencia
2026-06-23,ncp,,Total de recursos,fuera de dominio Synergium (educación y gestión docente),https://minciencias.gov.co/convocatorias/todas?order=field_cuantia&sort=asc,banco docentes,CO,INV_AMP,nuevo,revisar,1,,ncp_colombia_minciencias,False,agencia
2026-06-23,ncp,,Convocatoria de Clasificación y Reconocimiento de Revistas Científicas Nacionales - Publindex 2026,fuera de dominio para Synergium y sin demanda concreta de partner Horizon,https://minciencias.gov.co/node/9343,Convocatoria Publindex 2026,CO,INV_AMP,nuevo,revisar,1,,ncp_colombia_minciencias,False,agencia
2026-06-23,ncp,,"The Rhodes Scholarships for United Arab Emirates (all disciplines | Oxford, UK)",fuera de dominio: no es búsqueda de socio Horizon ni consorcio; es una beca individual para UAE.,https://euraxess.ec.europa.eu/jobs/funding/rhodes-scholarships-united-arab-emirates-all-disciplines-oxford-uk,becas internacionales UAE - no busqueda Horizon,EU,INV_AMP,nuevo,revisar,1,,euraxess_funding_offers,False,agencia
2026-06-23,ncp,,Karadeniz Technical University,extracto no contiene datos de dominio científico ni de convocatoria; es solo página de login.,https://euraxess.ec.europa.eu/partnering/organisations/profile/karadeniz-technical-university-0,contenido de login de EURAXESS - sin pista de partnership,desconocido,INV_AMP,nuevo,revisar,1,,euraxess_hosting_offers,False,otro
2026-06-23,web,,"Looking for partners for HORIZON-MISS-2025-04-CIT-02 Innovative, AI-based solutions for urban planning and management | EU Missions 1 & 4 - Brokerage event and workshop",CALL CADUCADA - deadline 2025-09-04 anterior a fecha_hoy 2026-06-23,https://b2match.com/e/eu-missions-brokerage-harmonmissions/opportunities/UGFydGljaXBhdGlvbk9wcG9ydHVuaXR5OjE3MDIwMQ==,busqueda socios Horizon MISS 2025-04-CIT-02,EU,INV_AMP,nuevo,revisar,1,,web_brave_b2match_partners,False,consultor
2026-06-23,web,,HORIZON-CL6-2026-02-COMMUNITIES-01 Boosting sustainable competitiveness in rural areas through innovation | Horizon Europe on-site Matchmaking for Cluster 6 - Calls 2026,PUBLICACION ANTIGUA - 7 meses,https://b2match.com/e/care4bio-2026/opportunities/UGFydGljaXBhdGlvbk9wcG9ydHVuaXR5OjIwMTgyMA==,busqueda de socios Horizon CL6-2026-02 COMMUNITIES,ES,INV_AMP,nuevo,revisar,1,,web_brave_b2match_partners,False,investigador
2026-06-23,web,,"HORIZON-CL5-2025-06-D1-04 - Looking for partners in infrastructure resilience to climate change, with particular focus on the railway network | KETs 2025 I EU Brokerage Event",PUBLICACION ANTIGUA - 14 meses,https://www.b2match.com/e/kets2025/opportunities/UGFydGljaXBhdGlvbk9wcG9ydHVuaXR5OjE1ODYzOQ==,busqueda socios Horizon infraestructura resiliente (ferrocarril),EU,INV_AMP,nuevo,revisar,1,,web_brave_b2match_partners,False,investigador
2026-06-23,web,,CL4-2027-05-DIGITAL-EMERGING-03 | Horizon4Photonics,PUBLICACION ANTIGUA - 4 meses,https://b2match.com/e/piap/opportunities/UGFydGljaXBhdGlvbk9wcG9ydHVuaXR5OjIyMDk2Nw==,busqueda socios Horizon CL4-2027-05 DIGITAL EMERGING-03,ES,INV_AMP,nuevo,revisar,1,,web_brave_b2match_partners,False,investigador
2026-06-23,web,,Home | Horizon Europe Cluster 4 Digital - Face2Face Brokerage 2025,CALL CADUCADA - fecha de cierre 2025-10-02,https://www.b2match.com/e/cl4-digital-2025,busqueda de socios Horizon Cluster 4 Digital,desconocido,INV_AMP,nuevo,revisar,1,,web_brave_b2match_partners,False,otro
2026-06-23,web,,"HORIZON-CL6-2026-01-CIRCBIO-04: Demonstrating and deploying innovative collection, sorting-for-reuse and repair systems for textiles at city/region level | Horizon Europe on-site Matchmaking for Cluster 6 - Calls 2026",PUBLICACION ANTIGUA - 5 meses,https://b2match.com/e/care4bio-2026/opportunities/UGFydGljaXBhdGlvbk9wcG9ydHVuaXR5OjIwMDEyNw==,busqueda socios Horizon CIRCBIO textiles ciudad/región,ES,INV_AMP,nuevo,revisar,1,,web_brave_b2match_partners,False,empresa
2026-06-23,web,,Panagiotis Katrakazas | Horizon Europe Online Matchmaking for Cluster 6 - Calls 2025,PROSPECTO GENERICO SIN CALL CONCRETA: no hay foco temático en dominio Synergium ni solicitud de socio ni fecha de cierre de call; fecha de publicación ausente,https://www.b2match.com/e/care4bio-2025/participants/2909575,busqueda socios Horizon Cluster 6,EU,INV_AMP,nuevo,revisar,1,,web_brave_b2match_partners,False,otro
2026-06-23,web,,Home | Horizon Europe Cluster 4 Digital - Face2Face Brokerage 2025,CALL CADUCADA - fecha de cierre 2025-10-02,https://www.b2match.com/e/cl4-digital-2025,busqueda de socios Horizon Cluster 4 Digital,desconocido,INV_AMP,nuevo,revisar,1,,web_brave_b2match_partners,False,otro
2026-06-23,web,,HORIZON-CL6-2026-01-BIODIV-04 Looking for consortium – Expertise in terrestrial biodiversity monitoring and conservation | Horizon Europe on-site Matchmaking for Cluster 6 - Calls 2026,PUBLICACION ANTIGUA - 6 meses,https://b2match.com/e/care4bio-2026/opportunities/UGFydGljaXBhdGlvbk9wcG9ydHVuaXR5OjIwNjA5Nw==,busqueda de socios Horizon Biodiv 2026,ES,INV_AMP,nuevo,revisar,1,,web_brave_b2match_partners,False,otro
2026-06-23,web,,Home | Horizon Europe Industry 2026 Brokerage Platform,CALL CADUCADA - 21 Apr 2026,https://www.b2match.com/e/horizon-europe-industry-brokerage-2026,busqueda socios Horizon Europe Industry 2026,EU,INV_AMP,nuevo,revisar,1,,web_brave_b2match_partners,False,otro
2026-06-23,web,,Looking for consortiums – Horizon Europe Cluster 5 (Photovoltaics) | SustainableSolutionsMatch,PUBLICACION ANTIGUA - 4 meses,https://b2match.com/e/sustainablesolutionsmatch2026/opportunities/UGFydGljaXBhdGlvbk9wcG9ydHVuaXR5OjIyMTQwMQ==,busqueda de consorcios Horizon Europe Cluster 5 PV,ES,INV_AMP,nuevo,revisar,1,,web_brave_b2match_partners,False,investigador
2026-06-23,web,,Seeking consortium partners for HORIZON-CL4-2026-05-DIGITAL-EMERGING-02 | Horizon Europe Cluster 4 Digital Matchmaking Platform,CALL CADUCADA - fecha de cierre 15 April 2026,https://b2match.com/e/cl4-digital2026-matchmaking/opportunities/UGFydGljaXBhdGlvbk9wcG9ydHVuaXR5OjIyODA2Ng==,busqueda de socios Horizon CL4-2026-05-DIGITAL-EMERGING-02,EU,INV_AMP,nuevo,revisar,1,,web_brave_b2match_partners,False,empresa
2026-06-23,web,,Looking for the consorcium | CLUSTER Health Horizon Europe Brokerage Event 2026,PUBLICACION ANTIGUA - 4 meses desde la fecha de publicación.,https://b2match.com/e/cluster-health-horizon-europe-brokerage-2026/opportunities/UGFydGljaXBhdGlvbk9wcG9ydHVuaXR5OjIyNjQ5Ng==,busqueda de socios Horizon HLTH 2026 - salud digital y longevidad,EU,INV_AMP,nuevo,revisar,1,,web_brave_b2match_partners,False,empresa
2026-06-23,web,,HORIZON-CL3-2026-01-INFRA-02 - Cooperation Offer | SICUR 2026 Brokerage Event - Cluster 3,PUBLICACION ANTIGUA - 5 meses,https://b2match.com/e/sicur-2026/opportunities/UGFydGljaXBhdGlvbk9wcG9ydHVuaXR5OjIxMjIzNw==,HORIZON-CL3-2026-01-INFRA-02 Cooperation Offer SICUR 2026,desconocido,INV_AMP,nuevo,revisar,1,,web_brave_b2match_partners,False,empresa
2026-06-23,web,,HORIZON-CL6-2026-01-CIRCBIO-01-two-stage: Deploying circular systemic solutions through living labs in cities and regions | Horizon Europe on-site Matchmaking for Cluster 6 - Calls 2026,PUBLICACION ANTIGUA - 5 meses; actor europeo buscando consorcio para CIRCBIO-01 en Horizon 2026,https://www.b2match.com/e/care4bio-2026/opportunities/UGFydGljaXBhdGlvbk9wcG9ydHVuaXR5OjIwMzE0Mw==,busqueda socios CIRCBIO Horizon 2026 - living labs en ciudades y regiones,EU,INV_AMP,nuevo,revisar,1,,web_brave_b2match_partners,False,investigador
2026-06-23,web,,Project cooperation | CLUSTER Health Horizon Europe Brokerage Event 2026,PUBLICACION ANTIGUA - 5 meses,https://b2match.com/e/cluster-health-horizon-europe-brokerage-2026/opportunities/UGFydGljaXBhdGlvbk9wcG9ydHVuaXR5OjIxNDYzMA==,coordinador Horizon Health Cluster 1,EU,INV_AMP,nuevo,revisar,1,,web_brave_b2match_partners,False,empresa
2026-06-23,web,,HORIZON-CL5-2026-05-D5-11 Ports of the future (ZEWT Partnership) - Collaboration Offer | GREENET Brokerage Event for HE CL5 2026 calls,PUBLICACION ANTIGUA - 6 meses,https://b2match.com/e/greenet-brokerage-event-2026/opportunities/UGFydGljaXBhdGlvbk9wcG9ydHVuaXR5OjIwMjMyNw==,Ports of the Future Horizon - colaboración/consorcio,otro,INV_AMP,nuevo,revisar,1,,web_brave_b2match_partners,False,empresa
2026-06-23,web,,"HORIZON-MISS-2026-01-CLIMA-06: Improving climate resilience of navigable inland waterways, their surroundings and related water infrastructure. | Horizon Europe on-site Matchmaking for Cluster 6 - Calls 2026",PUBLICACION ANTIGUA - 5 meses,https://www.b2match.com/e/care4bio-2026/opportunities/UGFydGljaXBhdGlvbk9wcG9ydHVuaXR5OjIxNDkwMw==,busqueda socios Horizon MISS CLIMA 2026,EU,INV_AMP,nuevo,revisar,1,,web_brave_b2match_partners,False,investigador
2026-06-23,web,,Looking to join consortium | Horizon Europe on-site Matchmaking for Cluster 6 - Calls 2026,PUBLICACION ANTIGUA - 3 meses,https://www.b2match.com/e/care4bio-2026/opportunities/UGFydGljaXBhdGlvbk9wcG9ydHVuaXR5OjIyNzYzOA==,busqueda socios Horizon CL6 Governance 2026,desconocido,INV_AMP,nuevo,revisar,1,,web_brave_b2match_partners,False,investigador
2026-06-23,web,,Seeking Consortium as Demonstration Partner – HORIZON-HLTH-2027-01-STAYHLTH-01 | Global Innovation Summit 2026,PUBLICACION ANTIGUA - 4 meses,https://b2match.com/e/global-innovation-summit-2026/opportunities/UGFydGljaXBhdGlvbk9wcG9ydHVuaXR5OjIyMDMzOA==,busqueda de consortium para Horizon HLTH-2027-01-STAYHLTH-01,otro,INV_AMP,nuevo,revisar,1,,web_brave_b2match_partners,False,empresa
2026-06-23,web,,Consortium building for HORIZON-CL6-2027-01-CIRCBIO-06: Bioeconomy Places & Circular Industrial Solutions | Horizon Europe Industry 2026 Brokerage Platform,CALL CADUCADA - cierre de la convocatoria 17-04-2026; PUBLICACION ANTIGUA - 4 meses,https://www.b2match.com/e/horizon-europe-industry-brokerage-2026/opportunities/UGFydGljaXBhdGlvbk9wcG9ydHVuaXR5OjIxNjA4Mg==,busqueda de socios Horizon CL6 CIRCBIO - Bioeconomy/Circular Industrial,EU,INV_AMP,nuevo,revisar,1,,web_brave_b2match_partners,False,otro
2026-06-23,web,,Seeking consortium partners for HORIZON-CL4-2026-05-DIGITAL-EMERGING-02 | Horizon Europe Cluster 4 Digital Matchmaking Platform,CALL CADUCADA - deadline de la convocatoria 15 abril 2026,https://www.b2match.com/e/cl4-digital2026-matchmaking/opportunities/UGFydGljaXBhdGlvbk9wcG9ydHVuaXR5OjIyODA2Ng==,Búsqueda de socios Horizon CL4-2026-05: Digital Emerging 02 (AI Agents),EU,INV_AMP,nuevo,revisar,1,,web_brave_b2match_partners,False,empresa
2026-06-23,web,,HORIZON-CL6-2026-01-BIODIV-04 Looking for consortium – Expertise in terrestrial biodiversity monitoring and conservation | Horizon Europe on-site Matchmaking for Cluster 6 - Calls 2026,PUBLICACION ANTIGUA - 6 meses,https://b2match.com/e/care4bio-2026/opportunities/UGFydGljaXBhdGlvbk9wcG9ydHVuaXR5OjIwNjA5Nw==,busqueda de socios Horizon Biodiv 2026,ES,INV_AMP,nuevo,revisar,1,,web_brave_b2match_partners,False,otro
2026-06-23,web,,Seeking to join a consortium HORIZON-HLTH-2026-01-ENVHLTH-01 | CLUSTER Health Horizon Europe Brokerage Event 2026,PUBLICACION ANTIGUA - 5 meses,https://b2match.com/e/cluster-health-horizon-europe-brokerage-2026/opportunities/UGFydGljaXBhdGlvbk9wcG9ydHVuaXR5OjIxMzA1MA==,busqueda socios Horizon HLTH-2026-01 ENVHLTH-01,ES,INV_AMP,nuevo,revisar,1,,web_brave_b2match_partners,False,otro
2026-06-23,web,,Looking for consortium - HORIZON-MISS-2026-05-SOIL-02 and SOIL-03 | Horizon Europe Missions Brokerage Event 2026,PUBLICACION ANTIGUA - 5 meses,https://www.b2match.com/e/missions-horizon-europe-brokerage-2026/opportunities/UGFydGljaXBhdGlvbk9wcG9ydHVuaXR5OjIxNDU2NQ==,busqueda de consorcio Horizon MISS-2026-05-SOIL-02/03,ES,INV_AMP,nuevo,revisar,1,,web_brave_b2match_partners,False,otro
2026-06-23,web,,Looking to join consortium for HORIZON-MISS-2026-05-SOIL-04 | Horizon Europe Missions Brokerage Event 2026,PUBLICACION ANTIGUA - 4 meses,https://www.b2match.com/e/missions-horizon-europe-brokerage-2026/opportunities/UGFydGljaXBhdGlvbk9wcG9ydHVuaXR5OjIyMjE0MA==,busqueda de socio Horizon MISS Soil-04,otro,INV_AMP,nuevo,revisar,1,,web_brave_b2match_partners,False,investigador
2026-06-23,web,,Growing a consortium applying to HORIZON-MISS-2025-04-CIT-01 | EU Missions 1 & 4 - Brokerage event and workshop,PUBLICACION ANTIGUA - 12 meses,https://b2match.com/e/eu-missions-brokerage-harmonmissions/opportunities/UGFydGljaXBhdGlvbk9wcG9ydHVuaXR5OjE2OTI4OA==,busqueda de socios Horizon MISS-2025-04-CIT-01 (circularidad y mitigación climática),EU,INV_AMP,nuevo,revisar,1,,web_brave_b2match_partners,False,otro
2026-06-23,web,,Looking to join a consortium as ecosystem interface partner for European ATMP Centres of Excellence networks (TOOL-07) | CLUSTER Health Horizon Europe Brokerage Event 2026,PUBLICACION ANTIGUA - ~5 meses,https://www.b2match.com/e/cluster-health-horizon-europe-brokerage-2026/opportunities/UGFydGljaXBhdGlvbk9wcG9ydHVuaXR5OjIwODM5OA==,busqueda socios Horizon HLTH TOOL-07 ATMP CoEs,EU,INV_AMP,nuevo,revisar,1,,web_brave_b2match_partners,False,otro
2026-06-23,web,,Partner search | Horizon Europe Portal,PUBLICACION ANTIGUA - 52 meses,https://www.horizontevropa.cz/en/he-programme-structure/global-challenges-competitiveness/cluster-4-digitial-industry-space/partner-search,busqueda de socios Horizon Europe Cluster 4 (AI),EU,INV_AMP,nuevo,revisar,1,,web_brave_eu_ft_partners,False,empresa
2026-06-23,web,,PerkinElmer snaps up CRISPR provider Horizon Discovery in $383M deal | Fierce Biotech,PUBLICACION ANTIGUA - 67 meses,https://www.fiercebiotech.com/medtech/perkinelmer-snaps-up-crispr-provider-horizon-discovery-383m-deal,busqueda socios Horizon genérico,EU,INV_AMP,nuevo,revisar,1,,web_brave_eu_ft_partners,False,empresa
2026-06-23,web,,Horizon Discovery,PUBLICACION ANTIGUA - 64 meses,https://cellculturedish.com/companies/horizon-discovery/,Horizon Discovery - herramientas y servicios en biotecnología,EU,INV_AMP,nuevo,revisar,1,,web_brave_eu_ft_partners,False,empresa
2026-06-23,web,,"Horizon Discovery - Products, Competitors, Financials, Employees, Headquarters Locations",PUBLICACION ANTIGUA - 8 meses; no hay call concreta ni fecha de cierre asociada,https://www.cbinsights.com/company/horizon-discovery,biotecnología/drug discovery - Horizon,EU,INV_AMP,nuevo,revisar,1,,web_brave_eu_ft_partners,False,empresa
2026-06-23,web,,Horizon Discovery Announces Oncology Drug Discovery Collaboration with AstraZeneca | Fierce Biotech,PUBLICACION ANTIGUA - 149 meses,https://www.fiercebiotech.com/biotech/horizon-discovery-announces-oncology-drug-discovery-collaboration-astrazeneca,colaboración Horizon Discovery con AstraZeneca en oncología,EU,INV_AMP,nuevo,revisar,1,,web_brave_eu_ft_partners,False,empresa
2026-06-23,web,,Horizon Discovery Collaborates with a Top Three ...,PUBLICACION ANTIGUA - 112 meses,https://www.selectscience.net/article/horizon-discovery-collaborates-with-a-top-three-pharmaceutical-company,colaboracion Horizon Discovery con gran farmacéutica,EU,INV_AMP,nuevo,revisar,1,,web_brave_eu_ft_partners,False,empresa
2026-06-23,web,,"Crown Bioscience, Inc. and Horizon Discovery Announce Exclusive Two Year Agreement to Offer Combined Solutions for In Vivo Drug Discovery Model Development",PUBLICACION ANTIGUA - 41 meses,https://www.crownbio.com/about-us/news-and-events/crown-bioscience-inc.-and-horizon-discovery-announce-exclusive-two-year-agreement-to-offer-combined-solutions-for-in-vivo-drug-discovery-model-develop,colaboración en descubrimiento de fármacos in vivo,desconocido,INV_AMP,nuevo,revisar,1,,web_brave_eu_ft_partners,False,empresa
2026-06-23,web,,Horizon Discovery Group plc Acquires Haplogen Genomics GmbH - BioSpace,PUBLICACION ANTIGUA - 137 meses - adquisición corporativa sin búsqueda de socio actual para Horizon/Haplogen; no hay call abierta ni interés explícito de partners LATAM/EU,https://www.biospace.com/b-horizon-discovery-group-plc-b-acquires-b-haplogen-genomics-gmbh-b,adquisición Horizon Haplogen Genomics,EU,INV_AMP,nuevo,revisar,1,,web_brave_eu_ft_partners,False,empresa
2026-06-23,web,,Horizon Discovery in collaboration with AstraZeneca for gene editing | Fierce Biotech,PUBLICACION ANTIGUA - 93 meses,https://www.fiercebiotech.com/cro/horizon-discovery-collaboration-astrazeneca-for-gene-editing,colaboración Horizon-AstraZeneca gene editing,EU,INV_AMP,nuevo,revisar,1,,web_brave_eu_ft_partners,False,empresa
2026-06-23,web,,The Cambridge Gene-Editing Biotech Success Story: Horizon Discovery is Doubling in Size with new HQ,PUBLICACION ANTIGUA - publicado hace 48 meses,https://www.labiotech.eu/trends-news/horizon-discovery-webshop-expansion-cambridge/,expansion Horizon Discovery (genómica y herramientas de edición),EU,INV_AMP,nuevo,revisar,1,,web_brave_eu_ft_partners,False,empresa
2026-06-23,web,,Horizon Discovery — Grokipedia,PUBLICACION ANTIGUA - 5 meses,https://grokipedia.com/page/horizon_discovery,busqueda socios Horizon drug discovery biotech,EU,INV_AMP,nuevo,revisar,1,,web_brave_eu_ft_partners,False,empresa
2026-06-23,web,,Horizon Picks Up Hypoxium and Launches Subsidiary,PUBLICACION ANTIGUA - ~36 meses,https://www.genengnews.com/topics/drug-discovery/horizon-picks-up-hypoxium-and-launches-subsidiary/,noticia corporativa Horizon - adquisición Hypoxium,desconocido,INV_AMP,nuevo,revisar,1,,web_brave_eu_ft_partners,False,empresa
2026-06-23,web,,PerkinElmer to acquire Horizon Discovery for $383M,PUBLICACION ANTIGUA - 67 meses,https://www.biospectrumasia.com/news/98/17043/perkinelmer-to-acquire-horizon-discovery-for-383m.html,adquisición Horizon Discovery por PerkinElmer,EU,INV_AMP,nuevo,revisar,1,,web_brave_eu_ft_partners,False,empresa
2026-06-23,web,,Seeking partners for Horizon Europe proposal on digital traceability and food safety solutions in resilient food systems (HORIZON-CL6-2025-02-FARM2FORK-03) | Enterprise Europe Network,PUBLICACION ANTIGUA - 9 meses,https://een.ec.europa.eu/partnering-opportunities/seeking-partners-horizon-europe-proposal-digital-traceability-and-food,busqueda socios Horizon Farm2Fork - trazabilidad digital en alimentos,desconocido,INV_AMP,nuevo,revisar,1,,web_brave_eu_ft_partners,False,agencia
2026-06-23,web,,"Preparing farmers, their workforce and advisors to the future of agriculture by providing the right knowledge and skills at the right time and place (HORIZON-CL6-2025-03-GOVERNANCE-14) | EU Agri-food Platform",CALL CADUCADA - deadline 24 September 2025,https://transition-pathways.europa.eu/agri-food/funding-calls/preparing-farmers-their-workforce-and-advisors-future-agriculture-providing,Horizon CL6 governance call - agri-food,EU,INV_AMP,nuevo,revisar,1,,web_brave_eu_ft_partners,False,otro
2026-06-23,web,,Horizon Agri - 2025 Company Profile & Competitors - Tracxn,PUBLICACION ANTIGUA - 6 meses,https://tracxn.com/d/companies/horizon-agri/__oFE5bQT15Pw40Gg_4AZP9vAmN-bTG-loEJfDF63Gi34,busqueda socios Horizon en agricultura y bioeconomía,desconocido,INV_AMP,nuevo,revisar,1,,web_brave_eu_ft_partners,False,empresa
2026-06-23,web,,International - Clust-ER AgriFood,PUBLICACION ANTIGUA - 80 meses; no se identifica una call vigente ni un socio concreto buscado.,https://agrifood.clust-er.it/en/international/,Alianzas Horizon para Agri-food,EU,INV_AMP,nuevo,revisar,1,,web_brave_eu_ft_partners,False,otro
2026-06-23,web,,"Pilgrimages, luxury travel and tailor-made journeys to unique European destinations under commercial agreements | Enterprise Europe Network","fuera de dominio: turismo de lujo y viajes, no encaja con los dominios científicos de Synergium.",https://een.ec.europa.eu/partnering-opportunities/pilgrimages-luxury-travel-and-tailor-made-journeys-unique-european,busqueda de socios para acuerdos comerciales - turismo,EU,INV_AMP,nuevo,revisar,1,,web_brave_een_partners_mes,False,empresa
2026-06-23,web,,"SAP Business One implementation partner offering ERP integration, business process automation, analytics, and digital transformation solutions for SMEs | Enterprise Europe Network",fuera de dominio: ERP/integración empresarial para PYMES no encaja con los dominios de Synergium en investigación y tecnología.,https://een.ec.europa.eu/partnering-opportunities/sap-business-one-implementation-partner-offering-erp-integration-business,ERP y transformación digital para PYMEs,EU,INV_AMP,nuevo,revisar,1,,web_brave_een_partners_mes,False,empresa
2026-06-23,web,,"Kosovo company offers AI-powered accounts receivable automation SaaS for service SMEs, seeking distribution and commercial agreements with accounting firms. | Enterprise Europe Network",fuera de dominio: oferta de distribución de software AI para contabilidad no encaja con temáticas tecnocientíficas o Horizon de Synergium,https://een.ec.europa.eu/partnering-opportunities/kosovo-company-offers-ai-powered-accounts-receivable-automation-saas,busqueda de distribucion y acuerdos comerciales para SaaS AI de Cuentas por Cobrar,EU,INV_AMP,nuevo,revisar,1,,web_brave_een_partners_mes,False,empresa
2026-06-23,web,,US e-commerce agency offers scalable digital commerce solutions and replatforming services | Enterprise Europe Network,fuera de dominio: contenido centrado en soluciones de comercio electrónico sin relación con investigación científica ni Horizon,https://een.ec.europa.eu/partnering-opportunities/us-e-commerce-agency-offers-scalable-digital-commerce-solutions-and,fuera de dominio - busca socios Horizon,desconocido,INV_AMP,nuevo,revisar,1,,web_brave_een_partners_mes,False,empresa
